CustomerID,FirstName,LastName,Email,PhoneNumber,City,JoinDate,TotalSpent
6e4148d7-bf39-4681-ba4e-b30b0d3efe36,Gabrielle,Young,knightrobert@example.net,001-251-986-2427x2380,Webbbury,2021-07-28,728.83
055f8014-ce60-45b4-8c2b-ad1b1468da38,Leslie,Bradford,nmarquez@example.org,+1-647-411-0756x120,Loveberg,2022-11-22,2670.06
edccb6e4-98d0-4b50-a2a9-b6f5c03a433b,Jennifer,Townsend,joshuaanderson@example.net,(939)472-4198,Katherineton,2022-01-17,223.48
ab28ecb6-b838-46a2-a789-17685fa5b5e4,David,Fisher,scottcallahan@example.org,(763)248-5592,Port Michelle,2021-10-04,3972.68
2e702ac5-3688-4658-82e9-c89b46fe0f42,Brian,Hill,aalvarez@example.org,880.560.9738x563,Aaronstad,2023-04-26,2429.36
0a89c948-c498-498e-a599-47867b32e9d6,Jonathan,Baker,mdavis@example.net,208-579-7546,Jaimeport,2024-10-30,903.7
ea8f99c5-a2cc-4584-be21-0f39f9da93d6,Travis,Smith,lcoleman@example.com,971-374-1799x3872,Port Stevenburgh,2024-06-28,3181.5
48a57e66-8b2e-4711-8979-70817db8075b,Ashley,Hubbard,sierra43@example.org,+1-871-452-1667x90564,New Jameshaven,2021-03-30,611.53
e14e67f8-9c44-4ff2-a4e4-180493185409,Monique,Barton,benderpaul@example.net,(486)208-2661,Gwendolynburgh,2020-11-26,1266.9
289af49f-3452-4b04-8c96-ee1863149688,Ashley,Decker,xcarter@example.net,273-277-3813x8742,Lake Tamishire,2023-07-23,3653.51
9b3a3e55-938a-47b8-98de-ad18d04f8870,Corey,Mitchell,collinslawrence@example.org,001-581-410-2111x0751,Port Phillip,2020-06-07,2623.16
f1ede87f-8656-4497-baec-87db5c519569,Dale,Cameron,lisa06@example.org,943-204-1118x7133,North Caitlinstad,2021-10-10,1596.98
97d458df-3ad4-4bee-b2b1-ad712a1d317a,Willie,Brewer,sanderson@example.net,(365)221-3616,New Mikefort,2020-02-05,3140.08
180391f0-9643-4174-8cf3-7d8ef472662d,Mary,Rivera,dan81@example.net,(451)313-0971x1486,South Stevenshire,2023-10-01,2999.15
aec6df29-fc13-4778-9df4-f75966b90121,Shawn,Woodward,rodriguezjasmine@example.org,(688)778-5377x72826,Port Loriburgh,2021-11-29,4014.57
7a59109f-4f54-4eae-b04b-f1c63f175ade,Karen,Collins,smithryan@example.com,(764)471-2867,North Markborough,2022-08-10,1144.44
98b2ae12-0885-49ea-a4b8-a99bc60395e6,Patricia,Mason,vbecker@example.net,+1-409-254-6829x334,North Jamesport,2024-11-20,4178.58
cf792839-462b-41ca-a621-dca98bd1e516,Brittany,Walton,devinramirez@example.org,614-707-3488x352,Lake Thomas,2023-04-30,4858.03
57cc065c-0aba-49c6-b108-fd9c57ccc151,Donald,Pierce,mlewis@example.org,001-584-925-4094,Mannfort,2023-09-26,1614.95
257213f9-404f-44a3-ae9e-17dc6e9e954a,Elizabeth,Klein,bryantdanielle@example.org,001-694-303-5690x217,Dennisberg,2021-08-21,2709.27
3d4fc9f0-23b1-4ecb-83f3-8343d6c963fd,Janet,Perez,blevinssheri@example.net,001-343-949-2554x9507,West Brianbury,2020-09-17,4771.31
82fe3d64-f77b-4249-a66a-fe49bd38f8b1,Johnathan,Black,brios@example.org,501-255-6526,Robertchester,2020-01-03,4208.63
833514d9-2497-43b6-b37e-c612c38402a1,Frank,Grant,graycynthia@example.net,445.598.7221x8189,Heathermouth,2024-05-07,506.55
9ba912fa-dbbf-40d1-b188-9998b2a04d81,Timothy,Hull,geraldsmith@example.net,972-732-3065x09994,Phelpsmouth,2020-05-08,2285.46
a671ca27-8005-4709-93b3-243a383fd4ac,Cassidy,Navarro,deniseolson@example.com,988-486-7209x876,Smithburgh,2023-08-25,3456.12
ee2743af-edae-46f5-83b0-2c308577cad7,James,Holmes,jonesamy@example.org,681-946-2351x9377,Oliviamouth,2023-04-17,4054.97
bda4463e-9f37-4e58-bbcf-9a144747d79c,Kerry,Anderson,curtis57@example.net,668.315.0184x31017,Marcusborough,2022-09-16,2850.47
2f571ecd-76ba-4e52-b679-c423f012457a,Mark,Ross,connietaylor@example.org,001-808-463-7847x564,Contreraston,2024-09-13,4230.39
299f3bd8-3d9c-4267-b3e1-63d244b3acad,Linda,Ramirez,hboyd@example.org,+1-996-219-7275x2485,Lake Thomasland,2023-05-02,921.12
47423501-92be-4a87-a4d2-bcea2bc61566,Robert,Schmidt,patrickking@example.com,(921)453-3210x731,Crystalside,2021-04-02,2801.11
397298b6-0bcc-4cef-8d99-a9579cd88d36,Robert,Holloway,rachel24@example.com,+1-967-874-3194,Lynnton,2024-06-01,4222.23
254d7efa-d296-4a21-a433-9acd0924452e,Frank,Ryan,christopher62@example.net,930.488.5045x23718,New Katherineport,2023-10-31,1832.41
91dab81f-8a3d-443b-8eda-17e7b9a53223,Natalie,Simon,rholt@example.net,001-459-885-6262x7469,Port Danielmouth,2021-11-13,246.91
eef8ab13-ac0f-4942-9311-a9a7a07acd33,Michael,West,xchavez@example.org,883-337-6313,Port Matthewland,2022-01-30,304.51
58694dca-fd02-4b11-a5bc-3baa995d2c67,Kathleen,Mcdonald,qmartinez@example.com,(443)540-0748,Caitlinfort,2020-03-13,2237.55
39c57349-3038-4a45-9ff5-e2a59023648a,Vincent,Luna,ashley79@example.com,829.294.5769x39562,South Joshua,2023-07-27,3789.37
1fe7e6d0-3b4e-476a-bca5-cd09a12eb9d4,Melanie,Gonzalez,adamsjulia@example.org,997.521.2976x26197,Christinahaven,2021-04-26,2229.85
c8a59c91-7340-4b46-b3ec-2a762c4faf35,John,Henderson,shepherdashley@example.org,5223124840,Meghanside,2021-08-14,4132.25
a77d55f5-463e-4ea6-a4e6-bbecdfebfd98,Carl,Quinn,richard12@example.org,654-820-8538,South Richardmouth,2021-03-05,3122.75
4e5ed1fb-d61c-4ecd-8536-aa857db03b46,Pamela,Smith,franklong@example.com,8622690801,Lake Richard,2023-09-29,198.87
c63bfee7-f70a-47b3-8649-940bc7edc0c4,Melissa,Baker,hollydean@example.com,(633)885-5226x546,Elizabethmouth,2024-08-05,2800.57
9cfd883a-4367-4564-b2ef-32d2666522f7,Matthew,Dawson,randrews@example.net,351-895-9361,East Catherineberg,2020-04-08,1309.38
82617d98-910f-4fd7-8fd5-ba423ff606c2,Victoria,Myers,hernandezcathy@example.net,965.823.7279x11434,Maryshire,2020-07-07,4021.86
3a053ac3-d530-42bb-94cc-7743d41e9317,Shane,Reyes,macdonaldchristopher@example.com,6439272951,Rachelville,2021-06-02,893.01
1d9d0f8f-a4cc-4cb9-b28e-822430b8afeb,Michael,Reed,richard75@example.com,+1-919-262-9499x80488,New Daniel,2021-11-09,362.13
ac4d76b6-2bb8-4e3e-b8a2-cfd60437a2f8,Rhonda,Williams,normandarren@example.com,393.902.3475x9929,West Anthonyburgh,2023-02-11,1478.38
4d35ea72-7b84-49bd-8fad-79c38a651723,Toni,White,adrianlyons@example.net,001-609-432-8150,East Steven,2022-07-06,2903.7
840bc215-b3c8-463f-822b-d4c633a74085,Kimberly,Shields,morrowgina@example.com,(674)429-8343,Charlesmouth,2022-12-14,4996.04
3d858381-f1a5-4b88-b485-2fffa8d72f81,Nicholas,Lynch,ubray@example.net,888.592.1399x379,Walkerfort,2022-07-07,1376.31
10a38e57-b3dd-4323-ad3d-005c7372b495,Catherine,Diaz,lauren24@example.com,745-394-1951,New Sarahport,2024-05-08,930.43
79d28e42-0007-4179-9e81-420071bd6ee5,Christopher,White,heidi29@example.org,+1-526-714-3948x542,Lake Charles,2023-03-31,2880.52
a0547f3c-e219-4155-83fd-888771998590,Stephen,Cruz,davidburns@example.com,+1-310-724-2228x19040,Wolfhaven,2022-05-30,3318.52
67f374c0-360b-42c9-a514-2fb0015042ec,Ronald,Mcdowell,williamstracy@example.org,316.485.1938x48890,Port Katherine,2020-04-15,4829.4
62736ffc-685b-4895-96ed-9e1354f56f9d,Chelsea,Poole,markhenderson@example.com,+1-800-948-1365x78034,Port Daniel,2022-02-10,1668.37
01a0bc61-5f38-48ee-84f1-e9c0b444e2f3,Chase,Mclaughlin,crawforddouglas@example.com,001-786-561-3132,South Paul,2024-04-16,2194.99
2adc50d0-f1bd-47e0-89a8-e061067e54d0,Katherine,Allen,emoore@example.com,7676770774,North Chrishaven,2024-08-31,1504.42
866106e7-245d-4978-8824-de909c33dcdc,Philip,Ryan,kjohnson@example.com,859-396-0943,South Taylor,2023-06-07,331.36
e3f40752-e5d4-442a-9851-e356dd1f67a4,Cassandra,Wiggins,leonard90@example.org,312-910-3238x0470,West Morgan,2023-05-28,1726.14
f2d63f97-17de-4de7-8ac9-c541aa5021c6,Madeline,Lewis,jward@example.net,001-259-738-7080x01759,South Scott,2020-08-08,2825.65
ff65c488-dd96-4bca-bde7-5ea24f605486,Kristy,Sullivan,anthony88@example.org,5805531042,Baileymouth,2024-05-17,4258.4
d4bd97b5-9363-4c4c-be62-04189e397a5d,Jessica,Schneider,robinsondevon@example.com,(605)323-3146,Adamsshire,2021-09-19,1496.2
f61019b7-9a14-4e77-a6d7-a66b02ac6f3a,Michelle,Johnson,andrea44@example.com,615-347-4674,New Martin,2020-10-22,537.48
1e325980-cbbc-443b-b70a-01c38ff69d3c,Cynthia,Welch,jennifernash@example.com,001-607-859-8780x265,Johnmouth,2021-07-19,3374.34
18fc4089-d6c4-41ff-913a-a5e51e46a2e1,Brittany,Hughes,whitecameron@example.net,001-758-467-6203,South Shelleyfurt,2022-04-13,271.71
83f6656c-548a-4b8a-8423-90139817947d,Stacey,Harrison,jenniferwilliams@example.com,(320)961-1601x9936,South Travis,2020-09-14,1339.76
8c5edcbc-10f7-4cfc-b560-478f2dc75be5,Travis,Roberts,cwright@example.net,471-518-1656x091,Port Andrewfurt,2022-10-03,3908.35
9612c741-2a21-478a-8394-fce7999401a8,Sandra,Baker,ngallagher@example.org,958-639-8582x3730,Connieport,2022-12-15,1897.59
8c8af01e-60e9-4114-bf24-975e7ed73bb8,Jason,Williams,erica10@example.net,974.362.5563,Timothyshire,2021-07-04,1364.35
d504ae05-9efe-48fb-80d4-b5493cb45337,Ryan,Mcdonald,vhuffman@example.net,(536)639-5421,West Christopher,2023-10-20,345.27
aee0acf8-64cb-4635-a363-cfaead7cd52c,Michael,Hernandez,pmckinney@example.com,525.687.9988x9894,Bishopport,2021-04-03,3806.71
2dda7e80-c0fb-4590-9af9-a98cac610f80,Patrick,Webster,robertochristensen@example.com,(403)515-1143,South Lawrenceburgh,2024-11-01,4996.91
115dd98c-2186-407d-87ca-3bf9a6b685e3,Catherine,Salazar,hvargas@example.com,298.465.7260x1941,Paulburgh,2023-09-23,664.43
035aac0c-571e-4c64-93cc-af6813db8bb7,Christine,Baldwin,jamesnavarro@example.org,(276)479-0961x3740,East Dawn,2021-06-29,3823.45
314857e0-b3eb-4592-976f-ba4cb0c5f10a,Katie,Palmer,vhill@example.com,863.911.0276,Estradaport,2021-12-02,3075.0
0ca6de97-f187-4ae2-96be-121b533c91d9,Craig,Paul,pecksteven@example.net,557-736-8495x435,East Cody,2024-05-31,2962.61
1c9520eb-9cc3-4363-81e8-edf9849a9652,Beth,Smith,ryan89@example.net,+1-714-437-8606,North Morgan,2021-02-27,2555.23
c324be2c-a9c7-4cc5-9431-676924cd847e,Christopher,Shepard,cmiller@example.net,+1-341-411-8030x96764,Gainesview,2023-01-14,858.55
fc96ff07-dfd0-4baf-97de-08d521f9abe8,Gregory,Becker,anna30@example.com,564.514.5597x7877,Mejiatown,2021-08-23,4551.62
61e33722-f210-41aa-81e4-97094d9018f2,Scott,Bishop,david19@example.com,(864)946-7254x051,East Chad,2022-03-23,1570.99
a6fbaea6-6365-4276-9b51-59c93e8a24e2,Kim,Robertson,brendatucker@example.org,(834)382-1428,South Carla,2020-10-21,539.47
d88cd5af-4987-4385-a590-57b82bc825cd,Kaitlyn,Olsen,colliersarah@example.com,836.391.5424,New Davidville,2024-12-11,3575.06
e0eafa98-b180-47b6-8c3a-74f22555441c,Wayne,Shepard,adamcoleman@example.net,(365)540-5350x5872,Hamiltonton,2021-01-02,2682.27
41846c6d-a031-4cab-a474-b97a485a46ba,George,Rivas,woodstephanie@example.com,+1-244-514-1871,New Kristy,2023-11-09,1425.85
82d68337-540e-42bf-b225-aa04c994a463,James,Chang,qmiller@example.org,708-419-0406,Jacquelinefort,2021-11-14,2971.25
cae19f65-08bf-455e-b1aa-7310226a374b,Jennifer,Perez,websterdavid@example.net,+1-218-928-1591x1561,Perezchester,2021-04-20,4625.64
9863652f-fc05-4abe-bc64-e5e5d089279e,Bobby,Massey,jennifercarlson@example.net,883.892.1476,Howellshire,2024-04-24,2051.43
4e0e06de-b4ac-414d-b3ca-a3d966c4c5d7,Isaac,Phelps,santanadavid@example.com,445-869-1006,Port Jenniferburgh,2022-05-19,205.61
3c004e0c-fbc7-47fc-adf7-21c9b93860e5,Stephanie,Reeves,erikaharris@example.net,001-846-856-6738x029,North Angela,2024-01-20,3524.33
38d0c60a-278e-4d42-9f44-696dcade6e2a,Scott,Johnson,smithjeffrey@example.net,813-406-6348x3625,North Johnhaven,2020-07-01,2072.25
8899134d-e411-4c9c-bac8-f6dd4f6f44ed,Christopher,Rhodes,andrea44@example.org,5394283614,East Ryan,2021-10-09,4390.32
4ae63a50-9b30-4819-bcbf-27526caf101c,Tracy,Bell,stevenallen@example.net,(918)206-5478x560,North Karenshire,2021-01-21,3006.7
418524c2-a58d-48a9-a778-4e7b6d758684,Juan,Clark,joshua64@example.org,(594)791-1867x440,West Heather,2021-09-03,4520.15
28c6c204-0d29-4e04-8b76-822c84c83c4a,Hannah,Collins,jean44@example.net,001-830-657-1587x488,West Mercedes,2024-11-05,283.15
10bfae2d-df0d-4b45-868c-5ee788a1c123,Julia,Collins,christopherclark@example.net,567.844.0688,Port Kathleenchester,2021-03-25,4953.31
97b12d59-bd4c-41d0-bfb7-656d99fc5684,Karen,Long,wdyer@example.com,001-311-596-3504,Katherinebury,2021-12-07,4484.21
400abd6c-32cc-46b6-9fc0-68eb94680091,Tracy,Hahn,rodriguezhannah@example.com,407.565.3137x17354,East Brandymouth,2020-10-14,1876.73
6527b237-9d6b-40c1-91eb-2f46e0b24a8b,Jennifer,Clark,lisa04@example.org,001-375-706-0387,Marshallside,2020-10-23,2321.62
2449e953-3480-41b6-88a1-834442e50973,Mitchell,Lee,kimberlywilkins@example.org,449.217.4205x71414,Lake Matthewstad,2024-11-16,326.56
f1aadd82-8fcf-4f5f-8b2d-4b566b1b6976,Tricia,Herring,amyhopkins@example.org,800-893-4021x178,North Timothyton,2022-04-16,1576.95
55e77dc5-b24c-4a38-aec0-e60f22236d0e,Robert,Carney,williamsryan@example.com,341.364.1216,North Raymond,2022-08-06,1814.4
06566393-f446-433d-bf84-1f2e6584240e,Justin,Benton,sarahmelton@example.net,001-243-578-8571x34839,East Martinstad,2021-10-15,4519.1
99178e38-e692-485b-9806-37bfb17fc122,Donna,Fischer,ohess@example.org,672.260.3009x31889,South Monicaberg,2021-04-19,3025.1
f8132976-296c-49ec-90e2-11a0e70f8fa3,Christopher,Thomas,jturner@example.com,(834)925-0034,West Kimberlyshire,2021-01-22,1460.64
ee7624fb-3631-47db-8573-3cfd86530a34,Bailey,Smith,awhitehead@example.org,001-388-855-4156x060,Ruizstad,2024-06-15,592.82
ad25efe7-34e6-4623-9ad4-5e61e15309be,Catherine,Vega,kingmichelle@example.org,834-839-1698,Stephenshaven,2020-06-22,2274.77
ea99299b-49f2-49f7-aa70-33b35a080c9a,Joshua,Garcia,devin14@example.net,001-905-531-9022,West Timothyfort,2022-10-13,2466.33
99e684ee-c381-449e-835b-1b0f01457659,Heather,Smith,stephanieashley@example.com,+1-577-684-9712x594,Carlside,2021-07-21,4239.0
f4746b31-62de-4f25-9915-9f3569645c25,Luis,Thomas,landerson@example.com,001-953-661-6892x67223,South Katelynhaven,2023-10-12,4205.16
7b0c1117-6913-4299-a2e4-fdc663306c04,Jill,Marquez,hroberts@example.net,(834)838-8211x1174,Joelport,2022-09-09,1225.41
92e34bca-8049-4cc7-866f-147fd78ec57c,Susan,Wagner,elizabethmcdonald@example.net,(310)504-2547x8199,South Tiffanyland,2022-04-04,1388.35
ee582ea7-9b1e-4c0c-9f78-e647f92ed197,Pamela,Allen,robinsonshannon@example.org,001-807-209-7472x4630,Port Christineland,2022-06-01,4998.87
d00793ca-a6f3-4545-b8a9-126ccbdc9b67,Kelly,Townsend,danielsleroy@example.net,255-275-0879,Harristown,2021-01-09,2750.85
830782c3-6c88-4b25-af67-60ca00e93a5a,Barry,Robertson,matthew65@example.com,001-302-957-5919x8548,Port Douglasfort,2020-07-07,3279.91
8f34231a-ddca-4ce6-855f-50a449a332a7,Mikayla,Williams,fadkins@example.org,(802)448-6076,North Wendy,2020-06-08,2921.41
2ee893e3-a322-45ce-a945-3477978f96cc,Nicholas,Fisher,harveystephanie@example.net,5537915843,New Cristina,2021-11-04,4503.36
f3010031-1b90-4e1a-a6ec-dcd9512b05eb,Scott,Young,lopezapril@example.org,001-342-658-8744x1837,Port Allison,2022-06-17,3571.92
7a1aea85-1f99-4c83-8d1e-9f856e4fce1b,Shaun,Garza,sara86@example.com,802.711.8592x431,Smithmouth,2022-09-09,3860.57
1980d061-8753-47e0-8faa-cbf23638cd59,Julie,Lopez,taylorrenee@example.org,644.326.0564,East Joshuamouth,2024-06-22,3760.9
18c85b0e-ef69-40b0-9e12-74b8ac5ade58,Brenda,Jones,jeff78@example.org,537.578.6502x243,Port Sharon,2023-08-05,1293.45
9b1ddef6-4607-4079-b8e3-2fd5ce1132ff,Joshua,Cobb,williamscalvin@example.com,001-411-964-5114x863,East Sheilafurt,2023-07-03,4470.65
4e20d2e5-c70f-4e07-ba54-ff9b0bbc7675,Stephen,Wiley,mcmahonamy@example.net,8409836849,Lake Kevin,2024-04-11,3525.95
b8a94162-24b9-4531-9705-9545f5c288f7,Laurie,Reese,zachary53@example.com,(672)793-4822x10099,Shannonside,2021-08-17,1486.16
53d969a9-7772-4923-a9ac-cd0644b11120,Travis,Lowe,campbellkenneth@example.net,001-505-391-7804x0469,West Stephen,2022-04-03,3062.26
e00172b2-63da-4bcd-a445-9aba77d9152f,Melissa,Miller,walkerjade@example.net,622-430-6487x9678,Howardville,2021-07-07,1266.1
a9d447ff-4b16-4bde-a42e-8360c6245277,Aaron,Smith,leedavid@example.org,(776)751-8282,Michaelburgh,2023-04-03,3181.6
49b3ffd1-82ed-4a77-bb2d-19ba77f07c45,Jennifer,Sanders,matthew99@example.com,+1-667-430-0168x56314,Figueroafort,2023-07-08,4887.05
f695fe2c-830e-4dcd-98ee-212745cfa7ab,Jennifer,Bishop,nicole70@example.com,001-332-222-0179,Gardnerchester,2023-01-18,3683.62
03ccb6e5-562d-4d43-82c1-3b744267b6f2,Christian,Brown,andersongary@example.com,665-648-5975x23785,Charlesborough,2022-05-26,1748.44
59c01125-1ca4-401f-8351-0fba8a91a266,Barbara,Berry,sharon00@example.com,569.470.0513x86464,Moralesport,2024-05-24,2429.94
66e42769-d26a-48d4-91f1-7a0728100d5c,Miguel,Fuller,jacquelinesims@example.org,490.814.2895,Pricebury,2020-02-17,4540.19
9da2c370-ffdf-4dfc-973a-23bdc1f9d3a8,Amber,Daniel,operkins@example.net,(810)389-2128,Lisaton,2020-06-11,2087.4
900516f1-aa95-497c-a6e2-354b46e6f101,Angela,Gonzalez,sandraadams@example.org,+1-886-288-6257,Lake Lauraland,2023-12-01,3763.97
a722b037-a323-48f8-8048-f35488d66745,William,Vance,zramsey@example.com,8679474928,Lake Dawn,2022-07-26,1535.17
9f4de8d9-6e39-4c65-a426-686f6020da6a,Jennifer,Brown,jacobmcclure@example.org,001-927-759-0974x3338,Shelbymouth,2020-04-20,1904.15
6fbbcc3b-95a9-4c6e-aff4-9744d0c6842c,Scott,White,qedwards@example.com,(277)838-9773x092,Johnsontown,2023-09-12,3932.86
d0743601-f968-47c5-a761-0d0457206955,Kelly,Rose,christopher86@example.net,849.828.3310,Katherineport,2022-08-27,127.13
32fb3d1a-979e-423d-ba02-a0b08f22f9a2,Michael,Ellis,keithhall@example.com,001-887-506-3490x3709,Port Stevenport,2021-05-20,488.81
748c6914-0fab-46e0-939c-3264bc4ad53f,Alicia,Martin,amy42@example.net,(639)706-7879,North Chelsea,2022-04-21,2831.34
532a093e-a78a-4b81-9526-c8e527f00eff,Lauren,Torres,teresa31@example.com,(528)707-5169x93181,Marilynstad,2023-06-15,2097.68
b934d9c8-8467-47d7-8a2d-38fb26ab4236,Paul,Johnson,joseph55@example.com,682-682-8862,West Carla,2024-02-10,3409.2
49a947f3-cde8-459d-9e3f-8743e79412eb,Nancy,Lewis,rodney17@example.org,6148125264,South Emily,2020-11-13,2042.32
18ff5da3-250e-45b2-809e-d858f80dbbb7,Jennifer,Matthews,richardsclinton@example.org,(285)340-6460x06903,Simsburgh,2023-08-25,2148.58
979aba6b-f9cc-461d-89cc-3354bde08095,Natalie,Cantrell,jamesbrennan@example.net,001-564-600-3318x300,South Lisaport,2020-10-06,3529.78
0395d9e0-e65c-46c8-bd16-af696d4b1a85,Denise,Gregory,josephjames@example.org,847-977-8162x573,Rachelfurt,2020-01-20,155.73
563b4237-87fb-4a7b-a882-dc45a8ef3251,Kyle,West,deanna22@example.net,461-624-2853,Simpsonburgh,2023-01-30,1251.34
f4fc31e0-21c3-4132-bf60-46e4bdcdca42,Amber,White,jacksonmargaret@example.org,863.639.4827,North Anthonyfort,2023-01-24,2191.39
8da315fb-84e0-447f-85dd-2088f40179a9,Derek,Adams,lopeztaylor@example.net,395.518.9153x81403,South Elizabethberg,2020-06-01,1085.83
44864ae3-8a34-4d7e-a738-490baaf13d81,Angela,Adams,ricky02@example.net,001-501-975-3035x733,Dianetown,2024-02-12,4004.4
c213a492-e482-4649-af92-c7cd3bdbed93,Nathan,Ramirez,hoodmarie@example.net,+1-227-627-4780x928,North David,2024-12-09,1967.91
a5265e09-c7d0-47ad-8c9b-18a380808c7d,Ellen,Duncan,williamsricky@example.com,+1-721-722-9957x378,Gonzalezmouth,2024-02-06,3847.67
689635ff-e153-49d0-b68e-d852d6577162,Michael,Pena,vdeleon@example.net,877-591-0040,Nicholasport,2024-02-05,3286.89
6f8d82ee-711d-4d3b-a488-e6b7c071bc99,Cindy,Cherry,donnalee@example.com,+1-901-228-6580x981,Pierceside,2024-10-29,3534.67
cbc57ae3-1cd6-456f-8bd3-ab7ca72685a0,Craig,Taylor,bowmanjose@example.net,787-639-0152,East Markstad,2023-06-11,1891.36
43deac6e-3e76-4360-b844-e1c965519244,Hailey,Long,freemanjason@example.org,(338)511-3070x051,West Gabrielton,2021-11-03,2600.57
9770b3ff-8d08-4b9e-a1b5-ac849dc99de5,Kelsey,Taylor,cody98@example.com,309.812.4986x280,East Richard,2023-07-09,3376.48
6c472de8-33d2-45a2-b12d-b23ba38dfbaa,Jessica,Thomas,annettejensen@example.org,234.819.6446x4841,Reedmouth,2022-09-24,2146.54
c6510ffe-1e4e-425d-8eb4-504102af6b74,Michelle,Lopez,richardjohnson@example.org,822.290.0688,Port William,2020-06-01,192.7
1cc01213-6911-4b14-a9c9-529546b24e10,Nathan,Campbell,halltimothy@example.com,418.738.3484,Andrewport,2020-12-15,2907.79
cde73da6-acd9-47a9-8527-8e6d3bdb5796,Gina,Paul,ijones@example.net,342-705-5322x9169,West Mary,2023-07-13,1712.35
12fef4b7-e0c7-4e84-a629-33d06eb66729,Brittany,Bradley,jennifershea@example.net,+1-803-922-9659x888,Carterport,2021-02-01,4872.17
d1a4c47b-9604-460b-bd2d-7cbaf94b4f15,Michelle,Bryant,ryan62@example.com,735.208.2597x22877,North Melissamouth,2020-12-07,1242.79
22accc11-176c-4a69-92c7-81f0c63bdc6b,Jenny,Walters,zcobb@example.com,815.601.4732x199,North Steven,2024-07-26,2314.95
131a45d1-77cb-447b-9d67-e48b1de73b17,Michael,Foster,johnsonjesus@example.com,001-617-511-4868x77975,Lake Sallyland,2021-12-14,145.74
3913d0bb-3dd3-4d8a-969f-f74abc921483,Bradley,Terry,medinaanne@example.net,203.932.2367x890,Mikeberg,2022-04-02,3454.85
e955acac-f3d6-4375-9cac-c3ccc9493d5c,Juan,Sandoval,michael95@example.org,599-572-1248x052,South Nicholas,2022-03-29,2861.27
329541d4-fac7-4fb4-ab2a-14fe3ef6c8e7,Jennifer,Smith,scottrivas@example.com,(443)839-7449x807,Wallacebury,2021-08-23,1645.73
77c9acba-59c5-4d29-8064-e02c0621d0c3,Maria,Hunt,jpatterson@example.com,001-912-711-4418x9785,Danielschester,2022-06-30,2875.4
b8b2fd1d-1144-4cde-9fe2-aace3b861779,Troy,Moore,ferrellpatricia@example.net,001-617-497-6611,Rubenburgh,2023-11-14,3520.73
00379333-5b9e-428d-a480-a8b252469d7f,Ana,Stewart,gregoryatkinson@example.com,001-735-410-4963x90514,Port Madelineton,2024-05-30,1516.1
11d2a6d5-83f4-43bf-85e9-99a96912043b,Amanda,Harris,johnswanson@example.net,266.892.7621x218,Port Thomas,2023-07-16,162.19
49148160-5ce1-4da0-ac88-52ec2f213b56,Daniel,Bradshaw,selenasmith@example.com,772.921.4021x407,Laurenmouth,2022-05-11,2812.35
ca29c0e2-7f32-4f96-8559-069999e202b4,Tina,Johnson,brian59@example.net,001-370-615-8592x440,Lake Kendramouth,2023-09-21,2040.0
a1b3e80e-45c7-4123-a9cb-f25f58e90425,Amy,Lee,lisamiller@example.net,505-962-9443x1416,Richardtown,2022-08-28,2337.0
7200eac2-d250-455a-b12f-a7911dd33ed1,Thomas,Bates,bonnie23@example.com,864-427-2937,Reneeborough,2020-05-23,2121.55
afdf8387-ebe3-4b36-950f-2c58bccbd0b6,Charles,Shaw,fmeyer@example.org,556.239.4923x2375,Vaughanchester,2022-10-28,2264.22
6571f78c-94e2-47ee-a6fe-6797fc559be2,Jeff,Schwartz,beasleysamuel@example.org,550-694-6688,Mitchellbury,2021-09-03,261.5
af62b390-9a78-492d-979c-b1afd78a06ec,Kenneth,Young,dale56@example.com,+1-918-823-2848,East Cherylfort,2022-03-10,4299.09
aab1ef1f-9da8-4bfb-8747-c42c558c85e4,Julie,Watson,zmills@example.com,(487)289-0550,East Julie,2022-11-04,4018.04
ce401173-6baf-4cd4-b59d-23f6e2230db5,Ryan,Miller,brooksadam@example.com,001-929-847-6946x6731,South Johnville,2024-03-14,3256.82
bf91fcb9-7499-484f-90f9-528bee5f6e01,Nancy,Gates,virginia36@example.com,+1-522-701-3266x47534,Vanessafurt,2021-11-15,3283.51
4d2c7a74-8303-44b2-b2be-779c4752eec0,Joshua,Hall,hollycarrillo@example.org,001-962-493-0116x476,Jeanfort,2020-10-14,1983.85
94cb62c0-c380-428e-8886-3cc3e03d44fc,Erika,Bates,megan16@example.com,(543)859-2461x925,East Barbaraberg,2022-07-10,3381.66
5b9f7085-3885-4c38-a8c4-1e5044233575,James,Parker,youngjonathan@example.net,(569)237-5451,New Ronaldland,2021-02-23,2572.21
c41c5667-0505-4290-8be0-05d3eb02714b,Joshua,Scott,john01@example.org,+1-553-878-1175x6544,West Heather,2022-10-21,3954.02
aa6d5474-3d7f-47df-a517-03f1c66a7050,Sara,Jones,zharris@example.com,001-208-756-8826x21431,Huangside,2024-01-23,1107.08
b2e01d68-ac37-4bca-9ad5-0a84b4f22178,Scott,Calderon,daniel98@example.net,001-861-328-1956,West Heatherside,2020-03-22,2849.79
ccb2c611-6ab5-44ca-b77d-7460e97c453d,Jason,Cherry,kimberlysimon@example.org,(564)926-2585,Hannahfort,2023-07-06,4871.86
f11913ee-cb57-4d7d-8287-719f28f6bd68,Eric,Smith,collinstodd@example.net,984.740.0940x731,Port Lancestad,2020-02-25,777.81
f829da56-44a1-4c3b-81ca-ce7c10037204,Steve,Taylor,wbowen@example.com,465.284.6056,West Kristinland,2022-02-18,4473.02
6f9d7ffa-a2b1-4e25-896e-00501a0e7159,Jesse,Johnson,brocknathan@example.com,001-912-859-8802x7855,Lake Julie,2021-10-09,722.97
81c0f7e9-3303-4028-8e6a-80c4ed7e9951,Holly,Martinez,christophersmith@example.org,200-572-3058x0654,East Catherinetown,2020-11-26,1875.32
c2c4f04e-d0ec-4b21-a047-34404efe8eef,Anthony,Bishop,alan99@example.org,225-267-9914,Benjaminbury,2024-08-06,4977.97
4559397a-d066-4290-8854-1e545baaa67e,Kendra,Evans,james10@example.org,691.302.0081,Burnettport,2024-02-07,4397.01
f4bf5688-ffe6-4f2d-b767-a945d22373e1,Janice,Holmes,alyssa90@example.org,4019735389,Lake Kimberlyport,2021-04-02,1373.45
e5f4e83b-8573-4ff5-9efd-83464a2e5a3e,Sara,Floyd,martinsharon@example.org,966-533-3882,Frederickside,2021-11-29,1852.38
bfdeb930-9028-41ca-8f0f-fe2f8ab18643,Andre,Valdez,jodi09@example.net,001-903-856-8511,Port Joshuaton,2022-04-13,481.49
5d07fd8f-ec5e-44b9-90e2-0411131d6682,Dominique,Key,russobrian@example.net,362-917-2445x93727,New Sara,2024-08-15,4046.34
6ec240ff-ad88-4dab-9a2d-c2c52aebab10,Alexis,Hall,david19@example.org,280.645.7425,North Tyler,2024-10-11,4260.51
484c7601-609a-47df-90dc-217499214b3f,Natalie,Morris,miguelroberts@example.com,422.480.9021,North Heatherport,2020-11-21,491.36
fd1c3bea-8f41-4c41-820b-c04e8cc0534b,Steven,Krause,kimberlymichael@example.net,295.494.0359x97361,Daniellehaven,2022-05-28,3152.61
f283b446-8898-4547-a7cf-e466dd8a03cc,Nicole,Powell,yanderson@example.net,+1-443-403-4343x9864,Griffithburgh,2024-03-25,1297.6
5f15bd30-de1e-43ad-a052-c7ea9df30f77,Elizabeth,Fisher,megantran@example.net,955.343.4112x3114,East Yvette,2021-07-23,3528.43
b0da5562-6cdc-4f8e-a59a-aceecf7b4a07,Joseph,Buchanan,lopezsara@example.net,472.742.3471x5935,Robertside,2022-04-13,3280.76
ad912d1b-abec-47d0-a38e-e802d540ce85,Jennifer,Winters,johnsonheather@example.org,350.984.3732,Port Edgarville,2024-05-21,3889.66
4460f516-f3d6-4cb5-9d68-7170ad49680c,Edward,Webster,morgan30@example.com,+1-473-421-6652,New Matthew,2020-08-14,151.69
879e037a-91d7-4a0a-a2a3-c90c1d2f5d86,Timothy,Harris,lesterjudy@example.net,+1-581-922-6442,New Crystal,2022-01-25,3820.73
865204a1-c8f0-49dc-a25b-e30c40517776,Laura,Gates,kashley@example.com,855-276-8491,Lake Kim,2020-08-18,1256.03
a33bed15-4f9c-4898-b0a7-8a12676e3848,Anthony,Williams,dodsonkathleen@example.org,(547)761-2212,Lake Zachary,2024-03-15,3258.47
dc54606f-aa58-4629-8486-1fdce64aaf2d,Deborah,Brooks,mserrano@example.com,001-510-376-1555x01107,Garzaton,2021-06-08,4762.57
e383a483-2c1c-496e-840e-638b46b1f035,Sara,White,brandonmullen@example.com,(662)621-0989x49720,Lake Michael,2023-09-22,969.02
59af678c-386c-4325-8f3c-fe47933ba689,Michael,Simpson,vkennedy@example.org,885-715-6050,North Amanda,2022-05-31,3493.36
824960de-11d3-4805-bab1-54185409399b,Kaitlyn,Tran,mary03@example.net,414-224-5536x595,Walkerborough,2023-10-17,3323.28
ff92c1e6-d885-43b1-a8bb-7c97b3c4170c,Rachel,Hinton,michael46@example.com,(684)864-3256,Carpentermouth,2022-03-27,931.74
0108e7c4-bdb5-4cc7-aaaf-eb72c27c0c6b,William,Walter,amanda40@example.com,+1-810-748-8356x61985,Villashire,2020-01-03,3248.82
8e87def7-0c45-435a-aecd-00ef0f3165e8,Marissa,Branch,aadams@example.net,863-811-8229x7018,East Garyberg,2022-01-28,451.87
7a1d0b06-00ed-4082-8ae4-c46c0433283b,Susan,Bullock,sandradrake@example.org,+1-453-890-7979x773,Nelsonland,2021-09-29,3907.67
02926908-585c-4a86-bf6e-e82666becc1b,Kristen,Carpenter,austin89@example.com,+1-595-763-2037x4661,Luischester,2023-05-21,3634.43
caefccf6-8348-48ac-bd67-d7b4a6b8e554,John,Armstrong,riverabrett@example.net,001-881-909-1519x01963,Ryanshire,2024-11-24,2090.22
e93a544a-acc5-437b-8f2f-d89bf9d7f3b6,Julia,Ferrell,kristenhill@example.net,001-290-514-9078,Kellyville,2022-09-10,116.76
02082280-0d23-4330-9bd0-2f7c4d0ed9e2,Hannah,James,johnsonemily@example.net,853.798.7850,North Derekville,2021-09-26,4914.1
182c4c05-c74c-43b8-bc05-1c7e586170e2,Jonathan,Smith,warejohn@example.net,(751)287-3551,South Robertaton,2020-11-26,1259.1
3419b7c8-08c4-4b5c-8363-b430ca47d8d9,Melinda,Kemp,mcculloughrobert@example.com,001-211-971-7464x127,South Ericberg,2020-06-14,3021.08
2fb0fb0f-1100-4829-a53b-78062d461df0,Gerald,Stout,wallaceroberto@example.org,(690)238-4908x689,Port Johnview,2024-12-06,4881.83
0c2bbf61-cb3b-4d54-93f7-caa3c80395d9,Ian,Alvarado,frodriguez@example.com,729-676-2916,North Cassandra,2022-02-18,4431.82
4706cfb9-f6eb-4a66-ba7f-7711e3ead297,Judy,Rocha,joelwarren@example.com,001-761-800-4651x4532,Jacksonfort,2023-10-21,4272.33
1b4518d0-d5c4-4cd3-a9e4-54d17edc9bc4,Barbara,Taylor,harmonchristopher@example.com,(711)816-9289,West Kyle,2020-07-21,4419.49
59b8f1a3-7866-4e2c-a5a5-2ab3d53b22a2,Edward,Miller,jillobrien@example.net,262.800.3910x0783,West Justinport,2024-08-14,4558.01
51721819-9391-41bd-8412-c604fee99e0f,Tyler,Hill,ugomez@example.com,001-622-793-0425x449,West Jasminefort,2021-01-28,2216.7
f337eba0-84f8-4139-a617-ded9549d84ae,Renee,Maxwell,johnsonlisa@example.org,215.580.9033,South Cheryl,2021-02-03,1266.33
f8a85b84-8e03-4d37-8bdf-8fb745c93c44,Thomas,Morrison,sally91@example.com,358.976.6421,Ramirezbury,2021-07-05,2828.33
bb8fe266-30c8-4b95-81f4-3769ab5a57cf,Robert,Carlson,patriciaturner@example.com,001-897-301-7395x971,Charlesburgh,2024-01-04,1145.49
031eedcb-dfbe-4256-9cdb-f6c1fd7586ca,Kimberly,Dawson,uwest@example.com,686.382.1477x249,New Jameschester,2022-09-11,3626.41
68d74fb8-8936-4321-92b3-bd9fe09c6e99,Shannon,Quinn,harpermiranda@example.net,416-406-8290x14748,Lake Brandy,2020-01-20,608.09
bbe9a31c-dddf-468d-96d3-a1e83ae6c4df,Tyler,Boyd,wilsonsara@example.com,911.478.9195x24304,Oliverville,2022-11-22,3256.12
89c806a3-a9b4-488d-9e77-0ab0c3478265,Wanda,Ford,vjohnson@example.org,4472513625,Burnshaven,2022-02-01,4024.33
fd1a0387-4f8c-4534-ae63-b97f7f062184,Gary,Stokes,heather30@example.com,001-578-462-7807x3924,Stricklandberg,2021-03-28,1740.88
9117041a-e02f-4afe-a5ec-5e0373af0c0f,Melissa,Rice,harveyeric@example.net,5455119086,Lake Michaeltown,2021-08-16,2016.6
2584c59b-aeea-466c-aca8-5e0dbf58ea9c,Robert,Bell,scott62@example.org,816.595.4661x31785,Johnton,2024-04-02,2207.79
cce79140-db1d-4660-8ef2-497514851bfb,Lori,Garcia,autumn58@example.org,486-381-9409x5463,Jacksonview,2021-01-27,2939.71
baafcaf2-23c3-40ac-9928-691f150bb8a3,David,Lee,rachel31@example.org,(316)620-2846,Sergiobury,2020-07-06,868.31
62578913-033a-45f0-ac55-1ee2d6868533,Rebecca,Dickson,allen81@example.com,(265)661-2541x685,South Erinland,2024-06-17,2621.98
101a6132-058e-4d18-bbeb-2357531c17c8,Keith,Ortiz,codyparks@example.net,001-640-409-8915x08948,Port Michaeltown,2022-03-23,3602.08
86fc9110-f4f0-4a7e-9966-e2bd96da302a,Cory,Campbell,xgarrison@example.com,578-837-4115x768,Allisonmouth,2024-05-05,3746.09
ef064914-c5a9-47eb-93a2-961da243c72a,Julie,Robinson,brendawilson@example.com,(302)722-7216x000,New Lisa,2023-02-06,1895.86
6934b3d5-7b72-4ca2-b66c-0e93067546f2,Kelly,Ortiz,jamesmelody@example.net,698-508-3838,Perrymouth,2021-12-12,998.9
73a5f0b5-6cd9-4874-ad19-d246de07c1b2,Kayla,Thomas,bfoster@example.net,928-578-9846,Lake Jared,2020-07-07,4574.05
c0c57996-6c48-4a5b-b1bf-ccbecb46f9bb,Jaime,Edwards,jenniferhenderson@example.net,(328)587-3223x06280,Port Matthew,2023-01-16,2468.66
c0722e20-8c41-447f-88de-6fff4172f73f,Edward,Chambers,blakeleslie@example.net,+1-805-878-7436x854,Millerborough,2022-07-06,3508.85
5ae193f5-c07b-4ceb-9e62-13d717ec1166,Sharon,Garza,imiddleton@example.net,001-489-419-9878x645,East Dustinbury,2020-06-13,1130.63
ab32eb3b-1c24-4ba0-8e51-b434e6ad81a7,Justin,Garcia,rachel39@example.net,+1-832-828-8764x6638,East Tommy,2023-03-05,2681.48
665afadb-4495-4714-a62b-211f61b4877d,Hannah,Wheeler,ushort@example.org,584.669.5950x683,Lunaland,2023-06-30,4456.77
c3608ee5-51b2-415f-a0e6-701dbf1766f9,Jared,Williams,anthony12@example.org,(828)724-2994x833,Snyderfort,2024-07-03,543.16
73eb35bc-6878-413f-b476-3a51a799f5e4,Albert,Ho,frank23@example.org,(322)639-5564x97728,Stevenview,2023-04-17,4046.96
af346b5f-592f-4bff-b2eb-9f52db850ac4,Rachel,Diaz,samantha40@example.org,001-209-754-6495,New Calvin,2022-05-03,4783.07
d7b0959b-dbed-45ff-8b42-e4389bfc3824,Dawn,James,davismelanie@example.com,703.508.4451x20157,Sarahmouth,2021-07-22,4448.5
15ae1c18-e25a-412d-8bff-2c32e069c4d3,Carolyn,Davis,sandersjeff@example.net,(482)720-9329x0897,Amberfurt,2020-11-15,4555.91
0b183bfb-f0ff-4628-aa23-cd9a50561bf0,Wesley,Gill,sarah61@example.net,(735)369-8242x1754,Josephport,2020-09-21,2004.42
92ba8986-e9da-445f-ab61-e097c2b1b2eb,Kristi,Edwards,yfisher@example.com,572.445.9984x286,Michelleborough,2024-04-09,3172.83
931b6859-afaa-431d-b410-b057b56b9f8d,Kelsey,Collins,pattersonjessica@example.net,001-490-890-8965x7806,New Justin,2024-10-01,4708.45
e52cfa96-4be5-40b8-af17-dbd1a8cb7276,Steve,Campbell,pcrawford@example.org,001-317-559-8919x5177,Johnsonhaven,2022-07-19,3233.21
b4bc6f54-9696-44e4-b5bb-eaf6b80b6e65,Jon,Hill,mikeevans@example.org,(751)275-5127x392,New Kaitlynport,2020-11-29,4947.13
e50517e6-adee-4a56-8715-86f3c5eb2c28,Lindsey,Gomez,nicoleward@example.com,001-377-978-6641x304,New Joshua,2024-06-17,2402.53
67f2ef16-8e02-4247-b99c-450ac0788975,Sean,Robertson,cynthiaparker@example.org,527.501.7981x5471,Jennifershire,2021-12-15,4330.35
c13437ad-f5fa-41ba-ab5d-8cef0017ff9f,Donna,Johnson,khoward@example.org,(699)260-5887,North Michellechester,2022-09-03,3732.56
7d6a252f-ded0-40d2-a4af-d25801fd13e0,Zachary,Brown,sorozco@example.org,001-606-252-4553x315,Lake Joanne,2021-09-24,1472.37
003e0f54-8fe1-4c6a-aca6-0ea765cc2989,Megan,Martinez,kfoster@example.com,(661)898-4317,New Julieberg,2020-06-01,4583.71
3d1a1131-a17d-489b-986f-7c8d0acbc6c0,Elizabeth,Gomez,dirwin@example.net,373.647.5692x973,Jenniferchester,2021-11-19,2781.68
001774c6-6baf-4339-b3c5-9aa945f3b6a2,Alvin,Chapman,sandovalchad@example.com,+1-252-746-5841x183,Garrettfurt,2020-09-25,3712.1
8dae6bad-c85c-491c-aaed-14b275295c95,Deborah,Bright,marybeasley@example.org,842-279-4194x8168,Smithbury,2022-09-19,4726.43
16b0e622-8daf-4b8b-96c0-2025ad6faf72,Diana,Blair,justinnelson@example.net,654.548.5890,Port Breannabury,2024-03-10,1307.73
5d7ee67b-eab2-4e96-bc68-00dfba9648bd,William,Jimenez,jeffrey35@example.org,+1-335-385-9678,South Erikaland,2024-09-17,4545.69
871756cb-8fdb-4f8c-afa2-b31ca3c52c2c,Bradley,Beasley,christinewest@example.net,4925845785,Lake Phillipmouth,2022-01-29,2833.44
b1f04b52-bf30-46fc-845b-710a02e53ef1,Amber,Campbell,joshua41@example.com,+1-708-983-3261x3154,Dianamouth,2022-08-23,2165.17
1b8137a6-64ed-47d7-b36e-e9e6484d58b5,James,Ball,dominicallen@example.org,395-955-7006,New Harold,2020-04-26,4476.01
63b76cc1-c384-44b9-b5e4-3f0351a63957,Alexis,Miller,kimberlynichols@example.com,(715)559-4240,New Jessica,2023-05-22,2536.56
fc50a7ec-aa9f-4194-af72-fd275fb232e0,Brian,Fitzpatrick,fatkinson@example.com,+1-398-598-5285x075,New Melindamouth,2021-11-25,4570.03
20ff70a6-b1ae-4607-b27a-307324c272a5,Monica,Martin,amueller@example.org,557-946-7934,South Joshuaview,2023-03-10,4222.46
265cf10a-9efa-4b3b-aee3-20741b4dc507,Corey,Bradford,achen@example.com,531.826.7391x379,West Robert,2022-11-02,649.53
d3d200b3-a49a-4a21-9530-893ae560ae60,Jennifer,Long,zcameron@example.org,634-820-6285,East Whitneyport,2022-06-23,4797.39
1a73f092-7d53-404f-ad71-81e95cba7e18,Valerie,Cunningham,brittney27@example.net,+1-432-596-6790x374,New Robert,2021-03-14,1414.69
676f327b-0675-47c7-be18-41a772a7e7ab,Brian,Lee,cwallace@example.org,354-726-1074,Davidshire,2022-12-21,939.66
d456c617-b3ff-4b54-915e-3cb3aeb19a3f,Carla,Cohen,robinsonjennifer@example.com,719-408-6254x51290,Deannaview,2020-08-16,749.56
5bc2290c-984d-44b5-90f8-ac64ca2c1982,Tyler,Macias,whunter@example.org,(971)967-2069x3054,North Harold,2024-08-16,150.53
89e7e767-fb07-4f30-95f3-cd330aab6372,Patrick,Davis,rachelstrong@example.com,+1-782-273-6091x814,Dawnshire,2020-07-05,1153.96
80952ed2-05c2-4a05-9f5e-fe711da39768,Kathy,Freeman,kentjames@example.org,(815)830-1383,Markshire,2020-10-04,2343.59
c65ed5c9-aafe-4c99-ba10-f916e77487b0,James,Hicks,jenkinscurtis@example.com,8005887532,Lake Amber,2024-08-07,2127.82
761bf8f5-fc46-4d8b-92cd-64c4b421c787,April,Blake,wardjenna@example.org,+1-601-408-5411x289,Odomside,2022-08-07,2668.7
dfd99b05-d0b3-4e56-8d5f-d4b5209c9b3f,Robert,Hodge,jason72@example.net,215-227-6027x8783,West Tammy,2022-03-03,4533.69
795435f3-91c8-438a-98cf-9359eb2059eb,Pamela,Baker,brookezuniga@example.org,001-662-956-7481x814,Mooremouth,2024-09-14,181.81
e6a0707d-a160-402f-a01b-7a743b34e910,Hannah,Ramsey,megan46@example.com,853-742-9428x666,Brandonview,2023-11-29,1438.67
5060dba2-ab4a-4088-a31f-87e401b689ca,Jacqueline,Webster,stewartjeremy@example.net,001-481-982-9152x69888,Lake Gregory,2022-08-10,1039.78
c70d33c4-825c-4506-8051-bfbc78fe0b60,Kim,Solis,caseyrussell@example.com,+1-804-238-9244x044,Port Amber,2022-10-03,2698.0
c0cc3599-1113-4351-8c4f-46ca69761333,Matthew,Madden,jeffreyjackson@example.net,584-532-3784x982,West Hannah,2022-11-13,2545.31
0dd9af6c-ee33-4874-af4e-54483783b620,Elizabeth,Huff,holly48@example.org,001-355-338-7575x23833,West Jeffery,2021-01-08,2388.52
e7147473-6ed8-43f4-801e-82ada46d6e21,Aaron,Beard,tiffany12@example.org,494-216-9169x5395,Macdonaldchester,2024-11-11,854.79
b7bff4be-2dd8-4470-b20b-dcc8397c7dd5,Ethan,Chambers,ljordan@example.com,905-613-2417x01695,Port Patrickfort,2024-04-18,1061.7
e7d4e50a-d649-4cf3-b4bb-735469de479b,Joseph,Moran,egonzalez@example.com,(354)715-4702,Daytown,2022-10-12,3184.8
d0b8e571-bb25-451d-8096-c51ab3409015,Briana,Dodson,lbush@example.com,951.819.1657,West Josephshire,2023-07-23,2763.17
5df18af7-28f6-4a5e-8652-affd077bf1a5,Cheryl,Holmes,alicia26@example.org,4836571306,Brownmouth,2021-06-04,1365.49
160a2131-7b91-4763-823f-2d5d261b6738,Lisa,Leach,morganmonroe@example.com,(842)748-0555x53841,Lake Jack,2022-12-07,4431.86
6d22eb2d-9b6e-4f29-82f0-f0513506187a,Lacey,Smith,nicholasterrell@example.com,849.828.1479x8382,Cooperchester,2024-02-18,3645.6
255e58cc-47fe-4ebb-8c51-1e13022314a7,Seth,Robinson,kevinreilly@example.org,506-508-6949x724,Anthonyfort,2020-08-05,1639.71
fad9e4cb-0033-4ce7-b499-cb1fb7f07011,Joshua,Norman,sheppardian@example.com,001-626-577-2102,Port Christinechester,2021-02-20,106.44
e444013c-903d-4bb3-85a0-9688abe9f589,Melissa,Garcia,petersonbrandon@example.net,934.246.8171x4079,Howardshire,2021-09-08,1537.37
d8d95541-abd6-4239-acee-57ece57e7ed3,Travis,Anderson,tabithamoore@example.org,(859)336-7851x128,New Cynthia,2021-10-28,2326.39
963e0839-95e1-4c87-a9f5-4433001b9655,Christopher,Neal,darlenehenderson@example.org,001-617-527-3312x69537,Lake Michaeltown,2024-07-21,858.02
a7963574-ef32-46fc-b940-7eaf88d78730,Maria,Lee,thunter@example.com,523-465-4938x577,Lake Jamesborough,2020-07-02,2574.87
ca44b8fe-f2bb-4467-abb1-e16bf6a384d4,Samantha,Palmer,roberttaylor@example.org,001-420-243-4067x445,Montestown,2024-02-21,3342.23
503b2261-4981-4345-ae24-ecfd0abde713,Michelle,Morgan,joyce24@example.com,4415895740,Colemanbury,2023-10-11,4797.28
8d9e946e-b16e-40e0-91ff-5a8965ebc082,Anthony,Barton,michaeldunn@example.com,348-467-6837x055,Scottfurt,2020-08-29,1268.28
48c6b13e-96d9-4266-b809-964f30bb8e19,Gloria,Kidd,qcooley@example.com,434-524-9703x2217,Haroldland,2022-11-17,4289.99
0aa0a3bc-ff28-45a2-b159-854020f0c378,Timothy,Wallace,danataylor@example.org,+1-973-539-9976x9368,Johnsonmouth,2024-03-08,156.93
773b3fc2-9714-4ff8-9721-7679e7eccd81,Kimberly,Burns,elliottsteven@example.net,780-762-1830,South Kevin,2024-03-19,2380.19
f3697287-f8bb-435a-be8d-fea9f13d9055,Jessica,Pollard,gwilkerson@example.org,+1-933-479-3055,New Cassandra,2024-04-09,854.73
dcd94672-abba-4cb5-9073-7adb8ae14695,Terry,Johnson,john76@example.net,680-474-3875x26717,West Noah,2021-07-26,4459.94
9c175d73-b289-42ef-97c9-d22991dc1e20,Janet,Preston,urogers@example.org,(706)811-8631x306,Courtneymouth,2021-10-13,440.41
fd40eaf4-710d-4711-902e-3b1d9c7e973c,Cynthia,Ortiz,angelica79@example.com,001-905-519-5576,Melissafurt,2022-03-23,644.98
b33468ea-b9fd-4991-9c8b-93f42745543a,Devin,Thompson,gharris@example.org,(509)980-4163,Lake Brandonstad,2021-01-21,1096.18
0290fa78-59a3-4895-8234-ed2aaa6cb367,John,York,delgadoamanda@example.com,001-746-699-7209x80257,Johnsonfurt,2021-11-08,3921.51
11852e58-1393-4471-adc2-f9484c0e584e,James,Lynn,pricepaul@example.org,604-387-8235,Lake Davidland,2021-03-17,4207.21
1077313a-2f23-4279-9faf-d3dcae657913,Anthony,Johnson,taylorjames@example.net,455.400.8429,Melissafurt,2021-04-23,4613.65
16e856b4-7286-41eb-ae45-fe52124b9069,Christina,Moore,zimmermanchristopher@example.net,001-722-578-6596,Rebeccaville,2024-10-12,4285.16
32248bac-0101-4740-8628-06923a06553f,Dawn,Martin,chad19@example.com,913-733-8437,Turnerville,2020-08-01,2989.37
8ff91c85-1c8c-4345-9051-255297786976,Nicholas,Ramsey,kelseylewis@example.org,4742354389,New Alexandria,2020-06-04,1058.8
1565d20d-6cad-4340-97a7-3841b22d9f9d,Elizabeth,Green,cweaver@example.com,277-235-2821,Benjaminmouth,2023-11-07,854.54
b154ebb2-1cc4-475e-897b-18297ad7ecaf,Elizabeth,Walters,phillip91@example.com,631.450.5814x20796,South Robert,2021-01-20,198.35
0c1f93da-89c6-404e-b70c-314ae521696f,Tonya,Butler,adam13@example.org,+1-947-989-5948x0914,Davidside,2021-03-30,4317.02
be1c1f3f-ce50-4d9d-a74d-c2630cfea3c3,Cheryl,Perry,dsims@example.net,468-619-1293,North Kelly,2021-11-20,3624.63
b6787b65-8106-4a35-ae88-5f45b948f133,Cole,Russell,kramerjessica@example.org,(971)211-7917x457,Port Timothybury,2022-07-10,472.45
ce4d2fad-f4d6-47c5-a88e-88e1baf9f142,Christina,Simmons,david93@example.com,(881)223-2242x74387,South Deniseview,2021-12-01,3911.19
9a76c32e-badd-48b2-8d09-060f1386429c,Michelle,Roberts,campbelldavid@example.org,828-718-9517x529,Lydiaborough,2024-07-02,4233.21
62748b69-3687-40c5-8fe1-bc87d0a30fbf,Lisa,Garcia,todd40@example.net,+1-991-270-4019x9895,Danielstad,2020-04-18,4132.53
8c5716c6-150e-4443-86c6-d2d7c5c2f392,Richard,Colon,riveraaustin@example.net,(413)812-4773,North Anachester,2020-02-06,618.85
37f93c73-cb71-490a-9a16-7d87f2c97a6d,Christina,Elliott,bmontoya@example.com,533-782-8954,Caitlinview,2023-01-01,2022.12
80089cd6-08c0-4613-b2f0-8d1c5e02579b,Alyssa,Lee,elizabethknight@example.org,+1-593-444-7146x55690,West Bradley,2020-05-04,2504.68
b7a0789c-9818-45f1-8dd8-5482f0481acd,Michelle,Donaldson,lindahaas@example.org,(835)976-4392x01422,Port Aaronstad,2020-07-01,2381.63
3a4bc921-a370-4862-9949-707283381070,Tara,Green,harrisoncharles@example.com,+1-933-540-8026,South James,2023-07-08,3744.45
eb6ae2e9-daf3-4361-93a5-ece0a5322903,Lauren,Williams,bcampbell@example.net,+1-957-999-5168x863,Christopherchester,2021-03-04,855.89
f75cacd6-f71b-4e49-a7d3-de9e52a5db84,Gary,Gonzalez,kyle53@example.org,564.739.9378x0649,New Audrey,2021-04-04,408.56
6d1915f3-00cd-4204-9396-674e67f21365,Jill,Williams,phamsharon@example.com,256-673-4737x67580,East Anna,2020-05-19,4348.88
349f6420-9b3f-4ffb-bfdf-587948a3e9d0,Jesse,Johnson,loganphillips@example.org,574.875.2014x2718,North Caleb,2022-04-10,919.84
5ef03687-ffbb-4470-b4b5-542abb88cb02,Derrick,Rodriguez,johnsonjeff@example.com,814.956.0444x447,West Megan,2022-04-01,3936.79
e5a13c6f-b9c2-4500-8a81-25520504e624,Troy,Wall,stewartkaren@example.org,9039730376,Port Daniel,2020-01-16,877.86
e4dff0b1-9cda-4bd3-a878-ad12cc9b32d3,James,Foster,kathryn89@example.com,7303353029,Lake Deborahbury,2022-02-16,4828.05
45af59d0-7d6e-496f-8e35-1f6cecde7c59,Danielle,Hensley,rileydavid@example.com,446-300-7800x398,North Brandonborough,2023-03-21,4980.6
e6daadeb-9db4-47c9-b78c-540415aff52b,Timothy,Malone,cheyenne58@example.net,7704098985,Port Amy,2023-02-28,2588.99
13e47fc4-27f6-4eda-b437-9d01d00b1b06,Stephanie,Dominguez,robinsonangelica@example.net,266-697-7656x51649,Port Stephanieshire,2022-12-29,3568.62
65d6c615-eef1-46a6-9ddb-60fef7541878,Margaret,Flynn,phillipschristina@example.org,237.966.3588,Frenchburgh,2020-01-13,1562.83
668d01a1-77d6-419d-8e13-211ed779ccf1,Nicole,Murray,pavila@example.org,(860)685-9891x2382,Julieland,2021-12-14,634.03
d9d6ac1c-e8f6-482c-9b6f-a1a54da6075d,Michael,Blackwell,kimberly89@example.net,319-438-4718x2633,East Christy,2022-11-15,4254.62
0248b942-d231-44d7-aff1-7a42a0459c47,James,Holland,hurleymark@example.org,217.528.7021,Seanstad,2022-12-31,3686.58
a88a4fb8-646e-43d3-a848-fc6fa8763102,Madison,Sanchez,robincarey@example.org,+1-560-641-1465x62991,North John,2023-05-30,2105.01
ebf711d4-2200-46e0-b6fb-f424f59316f2,Robert,Sellers,dcook@example.org,2929723825,Susanstad,2020-11-29,4314.2
32940793-3ada-44c3-ab3c-a1315a9c3626,Krista,Morris,douglaskent@example.org,001-503-303-9180x7519,East Erin,2021-03-16,4469.9
1942f115-2420-4773-b773-0e590b2e33d3,Christopher,Allen,steven17@example.org,+1-501-660-0947x6121,Hollowayfort,2020-07-30,2692.15
2566cdfb-8c55-4c9b-a609-1fd484afa5d0,Lauren,Stevenson,victoriajohnston@example.com,899-258-5450x748,East Alexbury,2022-11-22,2914.45
c4faad8b-c172-4de9-b262-ccbd91422dba,Kim,Peterson,tammygreen@example.net,580-633-7439x2803,North Zacharyville,2022-09-29,165.48
0c467aa0-1023-4c0e-b1ab-58c2ac42f4da,Heidi,Rose,wsmith@example.org,+1-864-762-5398x1771,Port Debra,2020-07-25,4339.14
df3a5b04-a5aa-487d-bebd-9e4a1564efb0,Heather,Rogers,angelaholland@example.net,245-619-6482x71042,Lake Amanda,2020-06-12,3077.32
30f67743-0b98-4065-b2e2-ed528391b600,Kristine,Navarro,yvonne64@example.org,001-953-821-7020,West Marytown,2024-08-01,3619.2
9a38d31c-7e2a-44ab-8456-0fc2ac322e84,Nicholas,Garner,delgadoalexander@example.net,974.541.1909,Port Ashleystad,2024-08-03,2208.26
f016c219-eb64-476d-89c4-50c284b382c1,Kylie,Mcguire,moranjacqueline@example.com,+1-775-270-9902x3598,Drewport,2021-12-16,448.59
9cddc46f-9df7-49c8-8af6-abd7bd2d01c4,Trevor,Villa,irowe@example.com,635.828.3978,West Charlesview,2021-06-18,4946.79
2e5a7988-1ccb-4113-9683-e39477eb99f2,Sarah,Washington,amberpollard@example.net,(523)369-1538,Lake Deannaland,2020-10-01,3977.78
0edd8d05-ca4b-484e-ab1b-ac4f8f1b09ef,Shelby,Mcclain,bowensuzanne@example.org,+1-488-360-7328x360,Kristinabury,2020-01-31,1366.36
40b79307-73b7-4f53-bb44-35fff5b3b094,Jessica,Walker,sarahsmith@example.org,+1-858-823-4290,Gillburgh,2021-03-04,2301.25
f0894b81-ed1a-402a-8286-9a37de2e1bd6,Joe,Black,uochoa@example.org,(982)410-6147,Port Christopher,2020-11-04,142.6
b377a128-5c15-4b88-8629-fd504417a28f,Connor,Singh,padams@example.com,775.309.9747,South Aaron,2020-01-14,3420.79
c358736e-ea12-427e-b431-b79ac9f8ec3b,Emily,Wood,hhawkins@example.net,+1-815-626-0158x04549,Carloshaven,2023-02-21,537.4
1ef109ff-83f5-4a70-a3f8-3cde1f29cda4,David,Hughes,grahamrichard@example.com,726.725.5472x99794,New Jessicafort,2024-10-23,2403.8
b6736acf-2540-4965-bddb-c6a7b3be6241,Cindy,Smith,taylorgill@example.net,231.958.9266,New Brittany,2021-08-13,3243.44
1149fadd-4103-4e74-969c-02231ba11687,Kristin,Norris,jeremysmith@example.org,+1-467-668-1543x492,Lake Sandraport,2021-07-05,3152.19
5f3fb171-b681-409f-957e-fd03fc04c90a,Andrew,Conley,morganbrenda@example.net,+1-542-919-4261x4071,New Paulhaven,2023-11-10,1188.7
25fc17d7-7d68-43bd-8f42-10caa9286f35,Devon,Murphy,johnsonelizabeth@example.net,2444106682,New Julie,2023-04-04,1941.0
ef131235-f8bf-4c45-8c13-fe918c1fdd81,Willie,Mckenzie,alexvega@example.net,849-331-2794,West Kimberly,2021-12-14,805.12
c4148d5d-510f-4561-a435-4e3db550b966,Angela,Long,smurray@example.net,296.389.9390,South Marisachester,2023-04-16,1013.42
ae74bfd0-5ee6-4eee-85ad-21415829cd95,Todd,Davenport,toddstephens@example.com,8987079630,Williamberg,2021-12-13,1896.98
1566b948-552d-469d-9244-7866626277b9,Brittney,Vang,jenniferriddle@example.net,(421)292-8365x767,Lake Andrew,2023-02-06,2999.41
6322d951-efaf-4997-ab5f-0a583735dd9e,Keith,Hines,felicia91@example.com,(390)694-9371x662,South Barbara,2021-12-28,396.51
09b19d6d-ce23-41ec-aba8-0200b5da4aec,Ronald,Crosby,kbush@example.com,+1-515-517-9253x529,Riveramouth,2022-01-30,1533.58
757cd2ef-0a1f-49fd-a1e6-d2bf4deb23b9,Michael,Anderson,kathyzimmerman@example.net,001-256-516-4424x4399,East Chris,2020-10-09,3308.46
85092b8a-5655-4e87-a0b3-9aef63a85038,Terri,Wood,reillyjeremy@example.org,438-378-3102,Castroton,2022-01-18,855.53
a22b8556-6691-4bee-8dd6-3d098ca780b1,Roy,Turner,kim65@example.org,321.366.4009,North Emily,2023-03-13,2486.13
c761ec35-1641-4c0b-8b70-7615dd00e13d,Edward,Mullins,jameskaren@example.net,243-826-7805,North Kimberly,2021-08-04,4867.53
85f588d1-5d98-46e0-909b-ec43d70a70a7,Allen,Williams,eatoncrystal@example.com,818-241-1053x671,Christianchester,2020-04-25,1993.41
4073e4a0-6050-404e-84db-21d4e408d616,Jill,Benson,vwood@example.org,619.798.1737x9565,Moranborough,2024-06-04,2376.57
1ba2f1d5-f3d7-4557-a8c8-34076e03de1e,Sarah,Frank,zwood@example.com,001-509-575-7313x7266,Goldenshire,2024-03-20,4200.91
0134143e-4b79-448f-a69e-71eb2b484b79,Hunter,Gilbert,nancy83@example.com,+1-564-713-0220x39394,Bettyview,2023-02-20,2340.77
06c7cfa1-5682-4dd8-9078-40300128686a,Stacey,Mccormick,jenniferbond@example.org,9838089471,North Andreaside,2024-10-23,1883.75
a00aac05-a066-4d4b-b2b3-3a99627472dd,Jonathan,Johnson,glennsmith@example.net,711-286-1452x54877,Andreaton,2024-08-24,774.77
43ce123d-9c34-4539-b73e-6ef05d3f7d1f,Nathan,Allen,wmcguire@example.org,+1-865-849-7136x519,East Michael,2023-02-25,4300.5
038cbbf9-677b-4484-a26a-aae04e4646c3,Valerie,Adams,gillespiematthew@example.net,697.304.8727x0447,South Brittany,2020-03-14,1387.27
2128a049-49f3-4537-8874-8416dc0d1dfc,Zoe,Fleming,thomas43@example.org,001-682-468-2745x056,Port Barbara,2022-04-24,629.66
88dbb00a-4ec7-492c-a6e2-6849379108f4,Gary,Mason,ndean@example.net,853.258.2815,East Michaelhaven,2022-10-12,319.88
8e27660c-4c1f-4b77-a6b6-44fb9e5b6ab8,Eric,Miller,jefferyallen@example.org,470.836.3526,Jacksonberg,2023-06-26,3396.14
2fbb99d3-b04b-4d0c-9415-7831ad1beb8c,Steven,Anderson,ryan11@example.org,635-640-6636x49668,West Monique,2023-09-22,590.25
afa58c4a-9447-4100-baf9-002849d78b53,Robert,Gregory,normanmiller@example.net,001-832-351-2391,West Patrickberg,2021-11-28,3900.54
55121927-3c36-430b-b619-4a3c35df6e1f,Gary,Tucker,richardsonmatthew@example.net,252.797.2680,East William,2023-09-04,2917.48
d2f8a631-918b-409f-a087-08b5aeb203b8,Sue,Chase,kristen08@example.com,(544)286-8672x619,Robertland,2020-01-13,1796.43
3ca35aa0-1164-4b1e-b9bf-a4f4e85d6199,Patrick,Jones,cochranscott@example.org,+1-682-727-7819x394,North Lisa,2021-02-17,3599.62
cb7b909b-198c-4b09-a229-37e1adb55447,Ryan,Bowman,burtondaniel@example.net,977-202-1650x49872,East Kathryn,2021-05-28,3754.16
6ff7f4fb-a51e-4ee6-8359-a928719c7d2e,Vicki,Fuller,kelsey71@example.com,896.342.7274,Port Cindyborough,2021-06-14,4204.58
867ff1e3-d215-45b0-8981-7e160449248b,Tamara,Bennett,zjones@example.net,001-780-441-3786,Lake Rhondaberg,2020-09-13,847.26
91441e87-762d-4bb6-b3f7-a87d60a7c5e6,Mark,Cain,pramos@example.net,572.583.3736x605,Davisfort,2022-05-17,459.27
d6a1afd4-7d52-40c0-9acf-120fcc9c2c7e,Evan,Lambert,kwhite@example.org,(475)232-9146,Lake Chelsea,2021-04-19,1057.68
6319ac3d-30b6-470c-89ef-88da55ec1c3e,Brianna,Tran,kaitlyn03@example.net,6285554457,Warrenville,2023-11-06,4035.19
ae20b755-048f-4da4-af90-746a73f0bc72,Dean,Lee,troberts@example.com,(408)928-9156x814,East Tonyafurt,2024-08-01,4412.42
65614dc0-6a8d-4b7a-9d4b-60b653a6bcea,Donna,Shaw,veronica30@example.org,540-240-5369x0411,East James,2021-09-28,4770.34
1f76923d-99e7-4759-b014-1ea604fb8a40,Chelsea,Garcia,rhiggins@example.net,001-393-526-4464,East Amyfort,2021-05-26,3665.7
8ea47d7a-58b4-4835-8f2d-3d0a83dafd8f,Jessica,Bailey,joshuabond@example.org,7918136710,East Michaelaton,2022-08-30,1960.78
76ab7bd1-af03-4fb0-a647-47ee4ba68a3a,Jerome,Woodard,ehughes@example.org,001-874-584-7234x40125,Lake Melissa,2024-07-02,135.66
01fc486e-f96b-4c7e-8100-68be0b094d01,Brooke,Chase,itaylor@example.com,647.816.9874,New Heathershire,2023-02-11,473.99
9b01c119-89d0-4dce-ae1b-b49a703feee3,Craig,Parker,amylong@example.net,338.575.1830,Williamview,2021-07-31,465.14
79324af2-ade2-448c-95ce-50d91aa19dbd,Melissa,Ortiz,ariley@example.net,+1-822-555-2018x0708,West Ashleychester,2024-10-31,4693.45
3f11b4b6-e839-4fdc-ab6e-0979f36c3c22,Edward,Hill,eugenevelasquez@example.org,942-383-3944,Blevinsborough,2024-01-03,481.83
beacc912-e36a-4ae5-bfe1-dbd5ed68b92c,Daryl,Barnes,reneewilson@example.com,715-823-0169,East Tabitha,2021-08-11,3779.58
13b95a55-d50b-4b87-b6e7-9f6332ebb612,Heather,Vaughn,melissa16@example.com,309-508-3235,North Katherinebury,2020-12-04,1315.14
5b69080e-dc27-4b39-977d-4575b994e312,Pamela,Peterson,stephen96@example.com,5043747536,Port Danielfort,2022-05-14,3937.88
a0100e76-8821-4a6f-ad25-a9f6b074d32e,Megan,Smith,mlopez@example.com,686.505.5097,Port Markshire,2020-10-11,4991.75
bc6e6fdc-1ee6-405a-bcd9-a28500449892,Rebecca,Ellis,dianashannon@example.org,(233)521-2814,Jeremyview,2020-01-01,1686.53
b9dd0e2f-f4af-42f4-8aa1-7253df700ccc,Randy,Evans,smithbenjamin@example.com,733-529-4205,Lindseyhaven,2021-09-04,3587.8
c2d4bc87-2c8f-47b7-b61f-87aed72983e0,Nicolas,Harrison,andresharris@example.org,001-407-495-8625,East Sean,2020-02-01,4988.73
3a108220-9baf-43fd-95a7-82e8e7739a5b,Linda,Martinez,heatherjohnson@example.com,428-741-0817x95423,New Carolland,2021-07-23,1412.35
53be3169-4b6f-42a9-a07b-1f9de89f3295,William,Mcconnell,david75@example.com,(996)295-8042x230,Jillianborough,2022-04-13,4906.55
f49a4e66-0d74-4513-ab22-f6eabb0b6265,Tamara,Sanchez,brianmeadows@example.org,(780)830-7193,East Jonchester,2022-01-10,1334.8
b95686e6-ce07-4707-ad57-062ce106f728,Erica,Lloyd,ljefferson@example.net,+1-262-684-1877x557,Lisafurt,2020-12-15,1660.78
03039ac2-8ae6-4d25-a595-b3b3b57d47e1,Douglas,Smith,hleonard@example.net,(783)835-9524x7154,West Allison,2022-11-23,3032.28
1b9ed6f7-ae60-4860-b054-8e406786cb15,Kaitlin,Moore,gregory80@example.net,885.979.4548x59796,Johnsonmouth,2021-03-14,801.92
4f9b97aa-0671-4ebf-82af-329a07bcbcc7,Lisa,Simon,cruzaaron@example.com,001-763-784-7715x0576,Kyleland,2022-09-06,2656.53
6c0bbf8b-8e68-484b-9aee-770c10af51bd,Brian,Li,mannjennifer@example.com,583.398.0573x9249,South Adammouth,2024-07-04,4310.5
2f60e7ae-45d4-492f-a146-c75e76043c10,Mark,Jones,andrewlewis@example.net,+1-367-701-6312x26722,Tinamouth,2023-01-27,3455.66
b85d137c-e50c-422e-8abd-47916b52a8a2,Heather,Thompson,peggysullivan@example.net,(781)353-5319x176,Port Sonia,2022-11-06,3235.1
ad19ffba-1135-4f67-a6d9-1be53e89c076,Vanessa,Lopez,robertevans@example.net,(695)370-6716,East Peter,2023-06-05,2182.33
4dfbdbb3-a769-4b03-b575-4d7f636432a2,Brandon,Adams,ashleyaguirre@example.net,(260)559-0976x94856,Lake John,2022-09-21,3736.3
680c6947-2fb4-4491-aa91-fec7e2c5e621,Jennifer,Curtis,perezkevin@example.net,690-748-8904x5493,Johnsonton,2021-01-05,2510.18
2f4e5655-1a0b-4fdc-ba71-394a3b524df9,Jose,Mitchell,rturner@example.net,(376)630-2878x032,North Jonathanhaven,2021-06-22,4379.92
693885b3-994f-4fa5-bdfe-056a34bf612d,Aaron,Knox,stephaniejohnston@example.com,+1-747-875-2000,Aguilarfurt,2023-05-16,2266.73
9c1dc7b1-dae5-4acd-87fe-0aae27699776,Christine,Carr,mrobbins@example.net,6183546523,North Jennifershire,2022-02-02,2810.62
7a168cd7-8a12-465b-b138-de4d6a59f9aa,Kelly,Harrington,ashleypennington@example.com,365.201.5554,South Joshua,2024-01-09,2076.37
124e1a15-df46-49db-8691-222ad51fca16,Travis,Velasquez,mbenton@example.org,(462)558-2662,North Carlos,2020-02-18,2273.04
b5409bb8-c7d3-41f5-851a-ce2686910461,Randy,Mcintyre,steeledave@example.net,001-639-403-1938x031,Lake Ericland,2020-01-31,302.06
5513391b-5c45-47fe-a298-17f2a16c080f,Courtney,Davis,millerjoshua@example.net,+1-450-647-6490x806,Thomasside,2022-06-01,3974.57
23067f4a-0597-425d-8477-f56b9cd108f4,Darren,Murphy,kruegerjessica@example.net,+1-313-916-1135x95394,South Julietown,2024-05-08,1392.27
59ea065b-f3de-464f-8c30-024ea54ad2c9,Mario,Hernandez,joe35@example.net,458.267.2002x63951,North Omarbury,2021-11-08,596.03
2311cb92-c265-4c17-b00f-d1f4cac82096,Taylor,Williams,eric71@example.org,(827)456-4273x657,New Natalie,2023-06-25,2542.96
5a3590b7-4bdf-4316-b105-4add7f1032e0,James,Gould,andersonsara@example.com,(471)527-2198x2713,Port Lauraburgh,2023-03-21,2368.91
f6b2d087-6a76-492b-b4ce-903ede93cbd7,Marcus,Kline,meyerssarah@example.net,+1-928-985-3555x3311,Davisside,2024-12-07,653.95
d1c8ab2a-52e0-42ac-9520-505613fda096,Robert,Jimenez,jessica62@example.net,724.429.2642,Campbellport,2023-11-22,2674.02
c9c2639d-365c-4673-a773-a47a8805f52b,Jeffrey,Small,jessicaross@example.net,001-883-622-4305x6373,East Kimberly,2023-10-25,4145.86
e2a235ef-169d-423c-8fce-122300fcee21,Kayla,Wade,christineclark@example.com,+1-967-906-1632,South Angelahaven,2021-09-02,2485.19
ba8c4bea-dc96-4892-8088-fbd9f05dd952,Jennifer,Turner,hallmegan@example.com,(577)781-4263x5324,Allisonstad,2020-06-26,1819.22
233c22bb-768a-4e77-8859-4326ddcbf721,Diana,Shaffer,jasonschwartz@example.com,001-315-702-6352,Norrismouth,2024-08-17,3553.48
5cf8607e-4ed9-4b83-8a4d-f2628a51cec7,Jason,Shaw,amycampbell@example.com,(686)438-7341,East Melanieland,2024-03-14,4106.92
4c5cba33-4af4-4eab-b5bb-2d6d57dcb764,Anthony,Richardson,pwhite@example.net,001-688-321-3556x4318,Mercedesborough,2024-05-30,2796.66
0231d6d7-c1b2-40f3-90d8-e9c7047cb6ef,Heather,Alvarez,smithmario@example.com,417-760-1613,Williamsburgh,2024-07-30,2586.41
f776761f-d1f3-435e-b765-6a12a9b3c9e8,Peter,Johnson,dawn00@example.com,+1-257-534-0042x67389,South Matthewburgh,2021-12-03,2050.8
ce5961a1-f208-459c-a356-fb62b1b7e27b,Michael,Sherman,iramirez@example.net,+1-238-644-8938x56955,Harringtonmouth,2020-05-20,4029.3
ff8be6e2-de4b-45d1-aeb8-58e51b35f8fc,Laura,Jacobs,williamskarina@example.com,(910)557-3272,Chrisshire,2024-11-17,4570.72
ee989424-b8a8-4261-b36b-349b726e253f,Jose,Russell,jasmine16@example.net,8747199214,East Joshuafort,2022-07-18,1698.37
616e97af-e46e-4f18-824c-a976d28d9d8a,Stephen,Meyer,johncampbell@example.net,529-216-3798x495,Nicholston,2020-04-07,4081.44
edcf4425-dc1d-437f-9c0c-7fb634787025,Shane,Williams,deborahhardy@example.com,9089418428,Lake Elijahshire,2020-04-28,200.23
1dca8295-8a8d-46d6-838d-311aa14a875a,Eric,Santos,gabriel43@example.net,573-717-0715,Davidfort,2021-09-17,4490.76
c0b65164-02e3-47f9-a125-cb49d6ec6875,Patrick,Gentry,ogonzalez@example.com,621.575.4121x414,Port Nicoleside,2023-02-03,4188.64
10f12356-8a5a-4fd9-8501-488a5f8055f2,Brandon,Warren,amywhite@example.net,+1-522-226-9414,Curtisville,2020-05-08,1736.06
2dd0a54b-c785-4388-8f0e-b3a9d2f435ab,Joshua,Johnson,fmiller@example.com,+1-648-685-1812x4227,Miguelville,2021-11-28,2459.24
9a0ffadd-7439-4642-a226-0ae457669571,Bailey,Smith,ctodd@example.net,001-977-317-2549x43313,Torresside,2023-03-25,861.91
158d73e4-d5b1-448d-9111-2cd4d46644f7,Sarah,Wilson,frivers@example.com,551.547.2104,New Justin,2024-01-30,927.41
dd6d72a8-eb98-4149-8f8a-1675898d1fad,Shaun,Williams,garyking@example.org,(979)497-3758x330,Bretttown,2023-02-28,3828.76
4e8bb7d2-12b4-478e-aed9-c6a23cf8cb0c,Alison,Gross,gross@example.org,001-939-221-0182,North Tiffanyville,2022-02-10,4503.56
77f94837-ae54-4c53-9d62-5977adb17af5,Allison,Arroyo,cohencaroline@example.net,257-455-3646x044,Port Tony,2024-12-02,4678.4
680389ef-cec6-48e3-95d1-533ec8de53bf,Christopher,Davis,walkerapril@example.org,5114246515,Johnathanhaven,2023-03-18,2099.79
989df983-1468-4b15-a1a1-619402413581,Alan,Washington,duanefarley@example.org,555.465.9268,East Zacharyfort,2023-08-02,3279.85
53ad9669-2c8b-4fd2-b215-2cff7c62ff93,Anthony,Reynolds,sanderson@example.com,730-938-5854,Crystalland,2020-03-18,1174.67
21d4bbd7-9401-40bd-ba65-278b1f090a7c,Louis,James,valenciatimothy@example.com,(917)934-4042x29957,North Michaelfort,2023-06-20,234.44
b0e7f00e-aad9-4370-80f6-b773e28405a0,Brianna,Wyatt,barbara89@example.net,+1-412-509-3280,Scottburgh,2021-04-26,3344.6
bd387662-4d28-4ba9-9d8b-3fcef53bc59f,Natalie,Pena,williamsjoseph@example.net,670.509.4838,East Geraldville,2021-06-03,3878.86
bef71489-b2d1-46bd-a581-d48f660bd9fe,Benjamin,Deleon,vickie59@example.org,222-381-1712,New Jennifer,2024-08-12,2189.25
0698b625-dfb9-4a29-bedb-c010a54f2737,Katie,Wise,carlanguyen@example.net,+1-878-331-3114x823,North Jamesmouth,2022-02-24,1639.79
600dd957-f288-4032-a229-338742ff3ca4,William,Schultz,james15@example.com,205-413-6747x0832,Davidbury,2022-01-22,4120.74
76e3c875-26b7-4506-a2a3-304230a6baad,Shannon,Douglas,cynthia59@example.org,+1-303-341-8191x343,Harrishaven,2020-11-03,221.67
b9e26180-3c30-4462-9fe8-1ddc893786db,Joshua,Gonzalez,davidchavez@example.org,(304)993-7333,Williamsberg,2023-01-18,4779.01
5b08de86-3adc-4ff5-a44e-1b750aaf64af,Darrell,Mcclure,andrew68@example.org,(419)967-6199,Kathyside,2020-05-02,2277.74
982c3fed-09f4-49d2-97aa-92468313c317,Gary,Carlson,hawkinsgerald@example.net,732.876.2807x8490,Taylorville,2023-05-18,1534.9
65290424-12ea-48e5-9c35-db26a1d25f24,Gina,Haley,lori54@example.net,(456)805-8065x111,East Garymouth,2023-08-27,966.51
83208c39-c549-4c89-ba7a-71ec652b52a9,Rachel,Mack,riverakevin@example.com,844-962-7204x9063,Austinport,2022-05-22,3522.87
120c8eb5-fd96-40ac-8e05-c936127f89e7,Regina,Williams,moralescourtney@example.com,550-234-2036,New Mckenzieville,2024-10-13,4973.08
c0a34852-4453-44d1-80c0-e9dfcea41378,George,Munoz,megancrosby@example.net,+1-730-285-4893,Lake Brent,2020-07-20,4368.21
466295d6-7042-4560-af6c-1cdc82140972,Eugene,Peck,bnelson@example.com,375.307.2180x0119,Port Robert,2021-04-03,1632.09
2385862d-9cfd-444e-a7af-20542b7be779,Lauren,Mann,ngarcia@example.net,001-963-667-6583,North Marychester,2024-09-27,3537.84
194acdd5-3088-4b39-ae81-3059ccf043ce,Mason,Diaz,hilladrian@example.com,641-962-8894x8397,West Walterburgh,2024-09-28,3317.25
dcb36a6e-3a84-4567-a6d0-f20cb4a84526,Billy,Pierce,ethompson@example.net,+1-927-522-1942,Christopherborough,2024-09-20,248.93
d6c04e1e-62f0-4f9f-b086-7f6beaa5378c,Jason,Bridges,gromero@example.net,(769)993-5583x80647,Port Sheila,2024-10-25,3882.18
2d2f5661-f287-46dd-a2fe-8ccf0310ecb3,Sara,Goodman,wphillips@example.net,779-573-1996x63854,West Charles,2023-03-26,1324.03
76195e0e-6373-4546-a143-db1625d4b387,Christina,Blair,smassey@example.net,001-862-276-7835x7282,Traceyberg,2022-04-05,2121.77
4482c1b8-ffac-451e-ac23-0c4c0f98402d,Nicholas,Bush,eramirez@example.net,839-327-5832,Ericview,2020-06-04,398.08
3e266090-80bb-49a0-bc0e-37352b8ea59d,Tammy,Young,richardsangela@example.org,+1-564-944-1999x704,Veronicashire,2022-07-11,152.09
65add65b-baaa-49fa-94ab-3971dad63e02,Daniel,Mcpherson,emendoza@example.com,996-324-7533x4097,Webbside,2023-05-15,4820.3
126c5eda-aa56-45ea-97fc-f3e31cbd6c57,Timothy,Johnson,fishercourtney@example.com,356-542-2199,Paulland,2021-10-13,1759.1
5a64b179-4b71-4f6b-9691-93721c16c67c,Veronica,Bailey,kaitlynmoss@example.org,595-519-9338x11603,West Roberttown,2020-12-12,3774.8
c91c88ba-2aa6-4a81-97c0-52fbaeb58147,Jamie,Edwards,fisherstacy@example.org,001-840-609-7127,Port Diane,2022-07-23,2296.28
c55ab2da-c037-40d0-9e67-e2c0fff20935,Natalie,Martin,millerstephanie@example.com,(526)641-1116x53335,North Johnborough,2021-02-20,1585.93
be9126de-9cc6-4334-a9f2-bfc5e5ba61d1,Rebecca,Wood,christopher47@example.com,220-792-3332,Floresberg,2023-06-04,794.01
7ddfc0e6-f1c6-4fb6-b2d6-7f866ceb83ac,Marvin,Peterson,smarshall@example.org,+1-741-249-3263x8559,Millerhaven,2021-11-30,4965.62
e92ec22b-4523-4a37-bc16-16d8f60fda23,Jerry,Davis,froberts@example.net,903.572.0473x04135,West Scottburgh,2020-07-12,4492.77
0aeb65b3-58b3-4cec-96d5-1bc07b1a0b39,Stacy,Miller,duncankayla@example.net,203-727-4055x75257,Lake Walterview,2020-10-25,128.62
bc3d4fe7-63cd-46c0-b3fb-f905f67fb7e6,Briana,Shaw,mendozakevin@example.org,687-891-4459x0575,Port Rita,2021-02-09,1793.99
58350951-650c-4448-b3c5-439a047eaccf,Colin,Wilson,rhodesbrian@example.org,824.501.6946x443,North Bryan,2020-06-24,1724.37
647ae6e0-169c-411a-ab76-212dadcd7371,Cindy,Campbell,kbrady@example.net,+1-873-376-4035x11329,Dillonchester,2022-08-02,2317.98
af15f13f-88de-45f3-95e6-868fc9e812bd,Jason,Fields,csnyder@example.net,(509)536-9557,Taylorview,2020-06-17,3259.26
c5a9f288-1524-4ec8-a628-4adfaf48368b,Johnny,Jenkins,allison53@example.net,(698)745-8952,Hansenview,2023-04-11,1728.09
98106afd-dc66-4e81-b809-f3edcc369774,Richard,Barker,jobrien@example.org,898.426.3100x337,Susanmouth,2022-05-10,4510.32
2e3d3ac1-ff86-4f4f-a05f-6d9412d50dc0,Jeffrey,Kirby,allisonbrady@example.net,6335535272,Port Patrickhaven,2022-12-04,3058.78
18241559-a31b-49f5-a0b1-93a402326f44,Bryan,Rose,brianna40@example.net,259.859.9454,Lake Ethanview,2022-11-07,427.13
93aee0fc-6120-4091-8834-0ea2818ed604,Kristina,Sanchez,yjackson@example.net,292.790.2009x07352,Bradleyfort,2022-08-22,1023.75
0f1e3439-e7b1-4a45-b40f-ffa5269aeec1,Larry,Smith,dthomas@example.com,645.355.7009x921,Ericahaven,2023-12-28,2077.95
dbd07e1c-7c10-4497-a5ac-01eb3e2e24b8,James,Sloan,destinymartinez@example.net,+1-663-670-8125x346,Christopherchester,2024-08-11,4164.19
e6ae79f0-6b03-4424-8633-588dbf52ad8f,Ruben,Gallagher,jonathan63@example.net,001-373-811-1889x21531,New Daniel,2020-06-26,230.56
6c9f7190-fcc0-4283-9b87-19b068348a62,Hannah,Vang,fwilkinson@example.org,686-562-5276,East Makayla,2023-04-05,4780.7
bf78fdae-14cd-4a56-9ff9-0cf5b1a35317,Tiffany,Pratt,harmonmichael@example.org,9677327928,South Lisa,2024-12-07,4528.33
c2420970-7c59-436f-bd7f-b09ac10831d6,Jane,Powell,stephanie17@example.org,001-838-903-6910,East Eileenport,2020-08-27,1169.97
2a599da5-7a42-42f2-93fa-c947569668b5,Julia,Phillips,joshua94@example.org,311-466-1221x6186,Longstad,2021-07-12,3522.71
7755bf83-86ff-4f50-afbe-c53910da46ae,Derrick,Mccullough,prodriguez@example.org,(785)728-6717x551,Figueroafort,2023-04-18,2069.27
4e8214b3-77c7-40d8-a22f-d0826fe76248,Brian,Clark,brenda02@example.com,629-847-7083x21933,Stephaniefort,2023-10-12,2722.87
390d51d6-a95b-44be-9480-4c2d2f7c9d31,William,Baker,sarahsmith@example.org,(541)290-4052,Port Brian,2022-11-16,570.1
4672ffa7-a6f6-4dae-9b0e-5f04d0499301,Rebecca,Cobb,watsonrichard@example.com,3282128910,Port Nathaniel,2024-08-01,1352.16
72a44205-0000-4350-82d2-743018d98591,Christine,Cooley,casey88@example.org,+1-287-643-1453,Guerraport,2022-06-08,1441.18
edad9e73-bea7-4145-9e24-8f1d6f9122d8,Michael,Alvarado,jquinn@example.com,001-905-616-4502x19561,Alisonburgh,2022-02-02,1193.53
77bb0f31-fcb5-4781-bceb-aaedcfb78dd9,Melissa,Holt,wavery@example.org,(579)694-5944,Lake Rachel,2024-07-28,413.16
6e30cc69-2c97-4c47-beb1-91a845cf53ef,Jacob,Hays,jerrykhan@example.net,387-588-1409,Port Paulhaven,2024-05-12,2654.05
bea28003-900c-4212-a21f-35c6077f9019,Jesse,Morris,solomonjulie@example.net,+1-579-532-8370x1024,Lake Alexandra,2021-01-26,2006.45
48bec2fb-6d6e-4313-82f8-52e893368172,Brandon,Ferguson,pamela40@example.com,647.842.8032,North Juanview,2024-01-16,4085.76
ac1b45db-83ae-4f3b-8b35-5c37b7c48f0f,Tara,Silva,williamsmelissa@example.net,754-496-1927x487,South Elizabethport,2022-06-03,953.81
faebee6b-2269-45ee-9439-3860a0edad69,Alexandria,Clark,wcruz@example.net,9592133806,Coopertown,2023-07-16,4485.79
12c61e96-3a44-4a4d-9ead-1abff1ed0c69,Lindsay,Paul,stonejames@example.net,899.833.6668x60458,North Joseph,2024-11-27,1990.99
431d3df0-83fd-49df-8ca3-4c5d2c139141,Dean,Martin,chelseagriffith@example.com,001-633-505-1900x8373,North Angela,2020-05-20,2701.8
636ac840-5b8f-41e8-b724-895d3997b5d4,Scott,Ward,bgates@example.net,342-503-9906x7295,Loritown,2020-05-06,2041.12
b127fc32-febd-4c74-a942-3f6e58503eaa,Savannah,Nguyen,jasonmoore@example.com,(417)834-0782x2410,Patelbury,2020-06-06,258.45
a3a5d275-e8ab-4af7-a070-5389ecba282b,Charles,Reeves,smithbilly@example.org,001-339-425-4505,Andrewchester,2024-02-05,1908.07
d58031d8-ccae-4f21-b16e-1cf80f60eece,Jennifer,Adams,christine72@example.org,+1-415-569-8672x8090,Davidton,2021-05-12,4299.47
ff1fa5f1-40c7-492e-86dd-ab1a6ce23e5d,George,Mendoza,gwilson@example.net,414.874.8060,Hayesport,2020-10-13,553.87
53f48cb3-bc80-475a-9c3b-d450b0b5c020,Blake,Middleton,etaylor@example.net,001-815-782-3076,Solismouth,2020-03-24,4144.37
3ea11dc5-f8a3-4d66-94a7-2559fc53578f,Tiffany,Collins,johnsonjerry@example.net,+1-613-989-5495,New Kimberlymouth,2020-12-19,2070.4
5771236d-83ed-44fb-9b96-809eb0f31ad7,Kyle,Ryan,xwilson@example.org,(833)953-1456,Port Jesse,2021-11-19,4793.68
afadc454-60e3-4e01-b7bc-bb5803fd3432,Jessica,Johnson,gentrychristopher@example.org,(506)687-1589x329,Zavalafurt,2020-03-06,3744.92
601fc10b-24f4-4a5b-b12e-82c80f9e6eb3,Katherine,Orr,douglas38@example.net,856-979-2403,West Andrewchester,2021-03-10,3556.97
e7c471e2-4d81-4203-a462-42a8cdcd02e9,Michael,Farley,francessummers@example.org,+1-355-440-1636x8818,New Stephanie,2020-03-25,2217.66
9a6beaa1-c2c5-46f3-a6e0-4da43b1cbb14,Bradley,Hutchinson,phanson@example.com,001-662-415-4726x67186,Port Jocelyn,2024-07-30,1716.05
a0f840e9-d136-493a-8d68-78818c411d1a,Christine,Noble,michael87@example.com,383-866-8919x7626,Aprilton,2022-06-08,4295.04
299f6ac8-7d50-4b7c-bef3-cc62c42878d0,David,Park,christopherharris@example.net,(704)653-6937x99085,Jimmyborough,2024-01-21,4168.38
df2d82bd-ecc4-4325-826a-fcfd453567dd,Nancy,Roberts,peterhall@example.net,(375)785-3760x687,Julieborough,2022-12-31,2888.5
17d6dc2c-8146-4dc4-b146-b4b043495eb7,Misty,Lawrence,snydersamuel@example.com,897.789.5265x8852,Jefferyhaven,2024-10-13,1924.07
e327408c-6b98-46dc-bb5a-840cfd345cd2,Kimberly,Buck,vanessa74@example.org,(900)226-3518x46324,Port Alisonbury,2022-09-26,1221.0
e7608b5b-7491-4cad-9055-628ffae50250,Sydney,Walker,williamsheather@example.com,5077432720,Whiteland,2024-09-15,1042.76
9e7963cd-3ca7-4ed3-8de0-aca0a045a5dd,Brittney,Long,zguzman@example.com,(875)815-7240x49698,Rodriguezview,2024-02-22,1822.71
92d1c89c-009d-4b3d-98db-df15deb7a76a,Nancy,Mills,andrewsanchez@example.org,758-604-7538,East Robertside,2022-06-14,4801.51
067ad443-308e-4573-96c4-262fd043a796,Daniel,Brown,nharding@example.net,+1-547-383-3697x9651,West Jerryfort,2024-08-23,772.27
d0469a00-0268-4dfa-9513-cdd908c72698,Tamara,Daniels,brian17@example.net,3933958943,West Mary,2020-02-01,1347.77
e3940a16-083d-4633-b74f-5b9e6913898c,Jacqueline,Matthews,cooperlisa@example.org,+1-975-708-9620,Francisfurt,2023-11-11,4987.4
577be6e6-5295-4a88-b4a1-9625ad173278,Hannah,Smith,shannonhaley@example.net,001-733-588-0368x4054,North Leahtown,2021-06-09,4206.06
7b911951-8838-4dc1-a015-980bc9d8403c,Michele,Long,barrettmichael@example.net,681.985.3454,New Kim,2022-10-01,839.78
fe9c0c43-5498-4446-a7db-47599c3956f8,Patrick,Ramirez,smithkimberly@example.com,860-866-6685x546,Lake Emily,2021-12-10,4385.34
3351f783-6337-4d4f-a11b-13123c66fd8b,Scott,Schwartz,christianhall@example.net,311-279-4923x2052,Kathrynchester,2022-03-20,4333.7
c0311e91-cdb2-41bf-b055-d55f37113885,Marilyn,Avery,martinezashley@example.org,612.487.6557x1332,Port Stacy,2024-01-01,265.76
4f3c418b-cd10-4780-ac08-200ba0b8c506,Kaylee,Smith,karaolsen@example.com,334.836.8195x839,Cruzton,2021-11-04,2371.35
6e15735d-7fc8-48ca-95c9-9c484ce45e86,Frederick,Cook,debbie80@example.net,(470)374-3186x47826,West Jenniferbury,2020-05-31,3433.69
054f303d-8f2b-49a0-b5ee-0993e1f7b4d6,Michael,Palmer,juarezchristine@example.net,001-502-920-8021x0728,Ethanton,2024-09-11,1420.4
f420fefc-f913-4568-8713-0f765295e215,Noah,Estrada,bmedina@example.net,001-797-897-9518,Mitchellborough,2020-02-20,3933.01
b6f3012c-05c0-4f99-bef2-3cc358f199fb,Jennifer,Bruce,tracywalker@example.net,676-856-8093x82602,Schmittchester,2022-01-11,326.59
cea8df54-236c-41e4-8081-3f6a8e26e55c,Melinda,Middleton,tylerturner@example.org,+1-512-971-1188x4251,Wallacetown,2023-10-06,589.72
ef91e106-c3be-474e-bdbb-1213e041bef8,Rebecca,Mckinney,crystalhansen@example.org,392-828-0347x746,East Angela,2024-09-17,1343.56
651abb91-7bf5-4450-99f1-6f8544c48588,Angela,Maxwell,christine60@example.com,658.974.6063x672,Taylorchester,2020-02-24,2680.6
c6b87345-2c97-47fd-ba2e-8267febc12f2,Clayton,Carroll,acallahan@example.com,380.793.1114x273,Wallaceberg,2022-06-11,3702.41
723a6d76-dd90-4416-85ea-bb7a3b39d0cd,Matthew,Everett,ebony84@example.com,392-606-6791x1525,Heathershire,2020-07-20,4051.95
3b809f51-3456-4f01-8666-77dfdcc63cf8,Christopher,Reed,jonathonperkins@example.org,356.800.1933,Alexandraview,2020-08-15,1060.05
2db09f08-efc0-4c9d-b679-8ecf8817f390,Robert,Hays,hansenrobert@example.org,(651)580-4705,Vincentburgh,2020-10-01,4597.45
72bf34ef-91a4-4f3b-9f8d-0e052d0f2cfe,Michael,Howard,lwright@example.org,001-793-657-0230x379,Patriciaview,2022-05-11,3876.77
e9842a9c-aa10-4e93-9bae-f8221c94bccb,Ashley,Cooper,kelly43@example.com,(976)959-1953x569,Fernandezfurt,2024-01-10,2680.44
0de1f297-a9e3-4f90-ad83-cca54812fe1b,Cody,Banks,brandon95@example.net,+1-211-817-5961x46979,South Saraside,2020-03-22,1508.47
07923ee5-c830-4a5e-a9ac-4d867610cf1f,Rose,Saunders,fordaaron@example.net,(873)264-7905x72683,Ortegaborough,2022-10-15,1915.46
ce97004a-5af3-4329-a298-f51f0af6af99,James,Bishop,tuckerjason@example.org,988-834-8102x513,South Willieport,2020-02-03,2409.45
0c3a31d2-82c0-4df2-ad6b-c9f00c5031a6,Jillian,Vance,yatesdouglas@example.com,+1-419-569-9499x364,Wilsonchester,2023-08-04,1855.09
c6ef3add-bfd8-4079-b2f0-209081c89402,Daniel,Nichols,cassidyross@example.com,+1-871-421-4892x97655,Penaland,2022-09-24,3431.32
8a5a22af-0902-49c3-b345-2a7d5108c137,Ryan,Moss,stevensontimothy@example.net,925-700-6497,East Audreymouth,2020-02-10,356.28
532c1b77-82c5-4a30-8b44-a7ecb4c7d04a,Richard,Smith,obrown@example.com,001-959-216-1971x726,East Kellyhaven,2021-12-11,4856.84
4ca38ef9-7408-4c0b-ac5d-e11a684aa114,Anthony,Gutierrez,lauren31@example.org,(772)584-7982x9847,Ramirezstad,2021-07-30,1516.06
926a5af0-14db-4bb3-93c3-814707fd2b6f,David,Maxwell,julia45@example.net,(797)244-3234,New Cynthiaport,2021-02-01,430.78
619fc86e-6807-47d4-adc3-a363d8d5255a,Brian,Brooks,christina48@example.com,4546259108,Garciastad,2021-03-08,249.53
b8ac810f-cfa9-43ae-b39c-31342c701978,Darryl,Harmon,william90@example.com,001-494-613-6184x91738,Michelebury,2021-12-20,504.93
57e171c9-320c-4aa8-9eeb-bb9807d7454e,Denise,Ramos,zacharyingram@example.com,989-277-5806x35013,Manuelview,2023-01-10,2319.33
d9c8614b-0a9e-4965-b56d-e928a503a9e0,Sandra,Romero,brandonjames@example.com,(963)515-8966x3881,South Michael,2020-10-13,749.99
242b11bf-12de-4a29-9132-9c6eb63a686e,Christine,Baxter,xgonzalez@example.net,742-848-2768x98889,Farmerfort,2022-09-09,3860.4
591c227f-3902-4fba-98f9-f02283b9869d,Mikayla,Goodwin,bcastaneda@example.com,001-566-415-9235,Howemouth,2024-05-22,920.9
ae03e572-ab2e-4437-8499-784f887686dd,Daniel,Johnson,johnsonwilliam@example.net,(797)474-6810x7492,Danielchester,2021-05-03,4524.66
a9d60c2a-e44a-40e6-ba47-23e4d3c9d41a,Marissa,Sellers,oneillcatherine@example.com,797-824-2955,Ochoaberg,2020-07-14,731.93
7a85a5cd-47d3-4251-8627-808b3b909b80,Jade,Berry,david21@example.net,001-421-795-6602x2195,East Martinview,2020-06-14,4779.25
c52ca904-d9e0-49f3-80b9-1eac13fad6c0,Jason,Smith,ericwilson@example.net,(683)891-3934,West Richardview,2023-11-30,4607.65
2c498dde-e5db-49f5-bc53-ad80ab477f75,Joe,Thompson,edwardsdrew@example.com,(435)814-7090x164,South James,2024-03-16,4440.51
fc98890a-5040-44cd-a094-7075c85adddf,Edward,Walker,rachael32@example.net,243.712.1451x764,East Marisachester,2022-11-03,4720.24
086d7083-6799-42fd-9126-0a94b11b2ff1,Adrienne,Stein,matthew75@example.org,951-761-0733,West Denise,2023-11-07,2166.0
cb1dd1c1-0141-410f-93d1-bc7a66b84390,Jesse,Bennett,gstewart@example.com,907-659-5918x227,Hartmantown,2022-08-17,1445.57
1dec1273-8eb1-49ce-9037-b3257bb9fef0,Michael,Sutton,townsendmisty@example.com,313.848.8466x437,East Luisbury,2022-05-19,3461.4
dcaad350-e169-448b-a4ff-ffc4c987004d,Adam,Chavez,janet86@example.net,854-646-8082,Paultown,2024-04-15,1492.99
31d4e7ec-662e-4757-b106-8aed2078b0e8,Jason,Hughes,gsexton@example.net,(365)500-1612,Jasonview,2021-01-29,4639.08
7af6deab-3a37-491c-bc79-fddcf56ac446,Sharon,Gordon,donna53@example.com,729.234.9982,Christinastad,2020-01-01,4470.52
886d721a-80b4-4a16-81b7-41c1e77459bc,Amy,Guzman,devin89@example.com,465-323-2109x9913,West Michaelmouth,2023-02-21,1197.9
628b0489-a383-46b2-86da-bf58e81f4675,Heather,Hammond,lwilliams@example.net,+1-842-560-3672,South Roy,2023-07-29,1784.02
ca148c0f-2194-4849-8669-31c1bd9c41ee,Daniel,Berger,nrodriguez@example.net,+1-305-517-5114,Kellyshire,2021-05-31,4624.8
2bd62f68-ebfd-4861-829e-39bb5de2c933,Frank,Ochoa,hansonemily@example.org,2894564799,South Kayla,2023-02-23,4017.15
82d8d81a-44c3-47b7-b255-9f8dea0eb380,Carl,Carson,jenniferreynolds@example.net,663.266.2192x4608,Ortizland,2022-08-25,4959.95
c4147527-5522-4059-8589-c8aa259ec5cf,Joseph,White,michaelfitzgerald@example.com,520-718-9291x0329,Lake Matthew,2021-05-29,3391.63
4ad2777c-b334-4090-a3f1-8d65d49e29b7,Autumn,Lawrence,mark66@example.com,001-615-768-9688x910,West Tony,2024-01-02,245.59
2cc8fdb1-3d35-4fc8-b869-66a7deb7a642,Jesse,Hernandez,youngjimmy@example.net,5966613634,Shahton,2024-11-11,4953.23
849f841a-fd4d-4232-9c35-2715689c0830,Jerry,Parker,toddblankenship@example.net,+1-882-413-4177,Johnside,2021-05-02,2296.11
8c1f573d-c107-4721-99d0-85c1f39edd5a,Matthew,Jackson,ywilliams@example.net,563.574.8053x2697,East Karen,2020-08-13,686.95
2264ee3d-f9f7-495e-a97e-383ab968772e,Jackson,Gould,williamsjeffery@example.com,(585)678-5782x868,Nolanborough,2022-08-15,2313.85
c156c363-6bb5-47de-a1f1-b248d4ae141b,Samantha,Gould,smithautumn@example.com,892.475.9382x0367,South Ashleyfort,2020-06-22,2872.93
3e617d66-6ee5-4a9e-8317-60a4d4f46f62,Deanna,Martinez,troy57@example.org,001-731-550-3943,Timothymouth,2022-07-15,3576.35
f9503fdb-79f8-4236-adc6-fb8a1962c487,Ray,Taylor,joseph21@example.com,537-706-0270x5191,Pattersonview,2023-01-04,3609.02
183fdf56-3690-4ecd-8403-5a557fa36030,Thomas,Miller,krausecandace@example.org,+1-719-309-6178x978,South Joseph,2022-08-02,4547.99
40ae9d33-4263-4006-93bd-b1a8aef93da9,Sara,Garcia,nguyenjacob@example.org,(577)390-3448x013,New Annberg,2021-01-06,3783.39
2193ed13-74e9-4897-9867-1c65e372f980,Courtney,Swanson,danielellis@example.net,001-264-213-6291x8517,South Kevinmouth,2023-08-19,3666.8
4862d80c-ffd7-497b-ab7b-5a8906f4115c,Clifford,Weber,pamelaking@example.org,793-336-8951,Hoffmanfurt,2021-11-16,4837.41
87f7344a-a9ba-4833-b24f-170e8f548d18,Ashley,Barry,leah63@example.org,(432)236-2524x910,Jeffreybury,2023-12-16,1545.14
a79417cf-6a99-4a1a-979a-32ebd9c93da4,Crystal,Smith,evanseric@example.net,845.620.8458x28395,New Johnmouth,2023-10-08,4499.17
70a5b263-aed1-465f-9d40-6e167c7af878,Nicholas,Parker,tstewart@example.com,001-372-878-9443,Perryhaven,2022-05-02,3529.95
15e2ca8a-503e-4ddf-a6b0-f60993462054,Meghan,Bowen,aschultz@example.com,001-754-401-2450x37412,Colemanfort,2023-10-07,3983.49
f5c659de-5d9e-4ba5-a926-cdbe071d91e6,Vanessa,Rodriguez,justinlewis@example.net,306-791-2775x70384,Lake Frankville,2021-10-14,3679.96
67f44ff2-717a-4f21-ac94-84b9e21316c7,Justin,Hill,thayes@example.com,465.986.2234x323,Dennismouth,2023-01-31,3037.34
3afc3963-b507-4d5d-9016-a617f5443a46,Ronald,Miller,richardgarcia@example.net,493.957.1020x062,South Angelaside,2020-02-23,1710.72
b875e9ff-54ad-4860-a419-35e3c5f7124a,Robert,Melton,opatton@example.org,001-754-582-7301x4664,Markmouth,2022-01-01,2623.15
173ec108-3642-4348-91e9-3f346fd10f5a,Nicole,Cook,draymond@example.net,001-746-460-2929,South Tina,2022-09-27,367.05
5c4e3cdc-f8bb-482c-b6cc-ee7eaedd7fbe,Kari,Harrington,thomasmatthew@example.org,753-513-2653,West Monicaview,2022-10-20,4014.36
89a1397e-c37b-4d03-8985-7cb57d8a3e54,Cindy,Rodriguez,walkermark@example.net,206.932.5086x1353,Beverlyfurt,2023-01-29,123.24
1456f6af-102f-4463-9566-4f67bb27fc48,Jennifer,Fritz,calvin66@example.net,8402849886,New Melissa,2020-07-31,3987.58
8b100cab-6fc4-434c-ad47-f68eb7860d5f,Felicia,Barrett,danieljohnson@example.org,(484)201-0926x6989,New Charlesburgh,2021-06-05,1523.01
102594ee-d803-4d60-b806-c36f350b41d5,Kyle,Parker,michael98@example.com,001-938-222-0166x745,Powellville,2023-07-31,3786.24
aa56b743-8499-414e-97cc-437c1f285531,William,Porter,hjohnson@example.net,254-588-1138x179,Garrettmouth,2024-09-08,2661.98
4d5c49a8-5651-4d4c-8caf-58a231f1cd95,Justin,Taylor,emilywoods@example.net,(841)501-3318x30530,Deborahshire,2021-10-09,2203.98
788f11be-e22e-4338-ae0b-905b0dc35d33,Kathleen,Frye,jonathan69@example.net,+1-559-421-8074,West Stevenburgh,2022-10-21,3730.26
39e0d795-ca9d-4dc4-b2aa-e5017e8dda6f,Tony,Hester,juliamiller@example.net,381-578-2313x978,New Jenniferbury,2021-08-11,976.18
0cd41ffc-2822-420f-af9e-467274afed90,James,Bauer,nsimpson@example.net,+1-707-595-8246x3336,East Jennifer,2024-01-15,2469.52
db735186-cc69-4163-badc-a9e6c265ab64,Stephen,Nelson,qsmith@example.net,260.508.6780,Butlermouth,2024-09-12,1292.16
ae30a246-b687-474a-8196-858e04d84b9a,Laura,Nichols,autumnclark@example.org,975-273-0275x3305,South Donnabury,2023-11-09,3532.55
cb9d4899-9ba4-4a47-822e-d27d7dc8edc0,Tracy,Banks,leahstewart@example.com,986-822-1421x1839,Smithhaven,2023-09-08,3176.8
c5089d88-074c-4139-ae0b-612e6485c541,John,Williams,shirley41@example.net,(743)465-4137x471,South Rachel,2024-03-10,3732.67
46c77cbe-fc83-472d-a3cd-92f3347d3fe9,Roger,Palmer,sandra56@example.com,6174142821,Mckaymouth,2021-12-31,3413.45
1328e6fd-1511-4252-b0e7-344f9372fce3,Derek,Lopez,zroman@example.net,644.608.7130x9255,Zacharychester,2020-08-30,3595.08
39902ad8-755a-4839-9774-13b5d67a163f,Monique,Carlson,theresa18@example.net,+1-729-217-1635x340,Cindystad,2020-05-15,4961.33
aee62271-f2af-4903-8878-e13781fddc7e,Leslie,Middleton,bellangela@example.org,890.344.8570,Rojasbury,2020-11-15,1933.35
5c32aa0e-d9da-4360-bde4-3e692add78b7,Ebony,Compton,tdoyle@example.org,+1-542-232-3385x4241,West Staceychester,2023-03-19,1384.31
8cf0a32c-8ced-4c7e-a415-e0602319860a,Pamela,Bennett,josephwells@example.org,+1-577-771-7857x44297,Tylerstad,2022-09-09,4697.14
db339a89-8924-4316-8a0b-20e346d499ee,Derrick,Campos,trancassandra@example.com,+1-472-431-5332,East Douglasstad,2022-10-28,3359.59
6b626996-c2a8-4c98-9d1b-e7cabdcb8931,Dennis,Massey,jonestracy@example.org,750-240-4712,West Jesse,2020-11-04,4818.95
47a8b541-5e5a-4bd4-bcca-4d7fcb2caaf1,Jim,Walker,anthony27@example.net,001-324-633-7204x7393,West Kimberly,2021-11-05,3258.51
6353a381-78a8-49a1-9fc3-da97c0ba7915,Jeanette,Allen,robertgriffin@example.net,410.256.0693,East Jackie,2021-06-24,3047.15
40facf1b-d628-4a2c-9af8-afd6bbe97c6c,Marissa,Hall,lwilliams@example.org,+1-534-312-4005,Millerberg,2020-12-27,3803.08
99376b00-9ec5-468a-8584-2338f7564e0b,Robert,Reilly,emurphy@example.net,(920)871-8186,West Hollyfort,2021-01-03,2809.88
b4e560b9-fbbb-4bbb-9db6-70701ac4cdd0,Cynthia,Atkins,iyoung@example.net,(630)571-3384x680,South Austinstad,2021-01-01,3585.1
53a4f795-f20b-458d-a528-fa9afdc2dc4d,Stephanie,Robinson,christinejenkins@example.org,297-549-2691,New Heather,2021-03-27,644.56
f7b0a994-51f4-44a9-b4f4-4ff9fb3752f7,Michael,Rocha,murraydylan@example.org,386.236.2505x12829,Boydmouth,2020-06-29,948.44
62d417f8-bb51-478d-b029-a2584380e09e,Joseph,White,jenniferjohnston@example.com,+1-771-939-7428,East Brianberg,2023-10-13,387.0
39cca571-eaf8-4bfd-8c78-124ef2f6c05b,Peter,Hayes,zmoore@example.org,9566013590,Christianside,2020-04-08,4267.98
b37bdf04-ae02-451b-a29c-d9e4a13cec22,William,Atkinson,taylorgarcia@example.org,001-285-258-4881x73623,North Aaronland,2022-01-06,3289.71
e15f7866-7569-40a4-9976-cd982a5553a0,Mary,Baker,diane06@example.com,001-582-693-1620,South Kimberlytown,2021-08-13,4576.85
1384f303-1973-4365-873e-32b01cd5e803,Robert,Owens,xsnow@example.net,+1-296-745-6324,Julieport,2022-01-01,1166.64
eb5fd4a3-18a6-40ff-886c-15ec03e214c1,Melinda,Pennington,thomaskyle@example.com,(529)932-9954x339,Lake Victoriaborough,2022-12-14,4542.42
354800e9-efe8-433a-9451-3a3e92e73781,Tonya,Campbell,uroberts@example.net,(537)680-2610x44819,New Jamesville,2024-04-28,2929.8
65c6a2ff-8ed6-4e15-8796-76f5dbf31783,Madeline,Gregory,joseph94@example.org,(884)697-6615,New Troyside,2020-02-28,3836.34
9417bb3e-2695-4af1-a1f7-54dbe1ab7f84,Ashley,Johnson,dillonrush@example.org,641.533.4053,Tashaberg,2024-06-11,441.42
6c35d30b-f6a8-4b53-a9e2-7418ea068dd7,Shannon,Frost,randy44@example.com,(365)714-5242x56164,West Maryberg,2020-05-29,4756.76
522d9660-c447-4b41-ae60-667d5e5c4b45,Lauren,Baldwin,troykelly@example.org,(375)797-8134,Grimesbury,2022-07-11,162.71
4fc05ba5-3087-490f-ad9e-32bff40a711c,Morgan,Carpenter,lindsey83@example.org,473-666-9132x6574,Robertside,2021-01-30,771.4
f227df4f-199b-47e5-9863-1e10a08e35fe,Dana,Davis,nelsonrobert@example.net,517.393.8293,East Derek,2020-04-03,1939.39
14719554-298e-439e-b118-96a054444e62,Jennifer,Bennett,morganmartha@example.org,275-589-7566x39158,Lake Jamesland,2021-02-25,578.47
ef75fd21-5628-42e8-a26c-18663fa0a354,Tracy,Alvarado,hjennings@example.net,001-945-772-5575x274,East Kimberly,2021-08-28,1023.74
22445a90-6bce-4aab-861e-8350beafbb50,Mitchell,Robertson,xsmith@example.org,+1-492-532-3166x33124,Brendaberg,2020-02-16,3527.56
f343ade3-a579-483a-a4e6-ea3ed8e478f9,Denise,Hudson,raymondbuchanan@example.net,001-511-749-6629x512,West Lauren,2023-10-21,3750.45
bd9e5f36-e966-4de6-90f2-8c5c49648ef5,Patricia,Castillo,davidrogers@example.net,2004930839,Huertaberg,2021-08-14,3648.81
8adbcc26-b7ff-4eb6-b4b4-3c5310128d09,Brooke,Williams,imarshall@example.org,001-334-481-9782x659,Reedmouth,2023-09-03,4466.7
cd883594-171a-41a2-95b6-ae73c21153de,Nicole,Flores,hudsonnancy@example.com,001-864-375-7479x63656,South Colleen,2023-01-09,755.13
4bc262e4-ceda-4501-becd-25228c2a2940,Marc,Hall,jason23@example.net,001-543-231-9176x9165,Annaberg,2023-12-16,1538.76
9da2b9d4-cb39-46f9-8578-14c07a2824a4,Robert,Robles,edwardanderson@example.com,885.412.0661,South Ryanfort,2023-11-25,2779.36
4047d998-ddc9-4aee-b0e4-20a70ef010bb,Lawrence,Reese,cody65@example.net,660-664-8744x1955,Joshuachester,2022-06-02,2484.73
36562ebd-a2d5-4969-b6c2-25bf5b2bb8a6,Kristen,Garcia,kellysarah@example.org,+1-856-785-7762x56087,Port Donald,2020-08-17,1137.97
241d1878-db8f-4ce8-8cee-1829cfe41776,Steven,Johnson,alexarodriguez@example.net,(438)805-4407,North Fernando,2024-03-22,874.95
0829ef8b-fe63-4935-8031-3539a3c08c33,David,Deleon,amyjackson@example.net,7316996426,Petersonview,2024-06-04,2155.67
9674f5f4-8adc-49e3-8226-25e81c65681d,David,Bell,lindawilliams@example.com,7172091625,Marissastad,2024-08-01,3606.29
a22e42d3-12da-40f3-88e1-bafef35965e0,Robert,Vega,vwilliams@example.net,+1-599-284-4678,Kimberlyville,2024-02-28,385.73
c4f292fa-977b-4eef-8a45-e75e6736febc,Brett,Holloway,timothy59@example.net,(608)805-8452,Blaketon,2022-07-03,2544.38
681ad5b1-859c-4e14-9e54-3ad456fd8a38,James,Harvey,davenportchristopher@example.net,(224)744-5150x300,Douglashaven,2024-02-08,2558.58
45b00f15-4cfe-46f0-a5cb-0137b21f5330,Troy,Chapman,leah53@example.org,001-315-802-7706x50290,South Cassandrafort,2024-07-18,2428.53
ded47d0a-5d38-4fdd-bebc-5dd5f752dda5,Daniel,Daniels,johnsonlori@example.net,+1-312-757-7746x3336,Harrisonview,2022-02-18,1175.4
fde3155a-d100-4159-a841-42f4cffa1bba,Alexander,Ortega,danielbeasley@example.net,+1-369-351-6499x54114,Murphymouth,2023-09-24,3123.51
0d96ddc0-de8f-4566-b437-70fd6c1b1697,Jennifer,Porter,cynthiamorrow@example.org,+1-444-951-2433x739,Robinside,2020-04-27,1301.84
0cc96752-c3c8-4180-b0e9-b0981b50ecb0,Adam,Chen,bauersophia@example.net,(248)207-0150,Mendozabury,2020-04-13,1153.59
f25235e9-b068-4a61-800a-b716ffebc8f1,Judith,Ochoa,perezsteven@example.org,951.706.2460,Bendermouth,2021-04-02,1039.59
9c3ca8cc-5755-4c31-8c79-c7f3aa08799c,Rachel,Ellis,tonya98@example.net,(618)320-5387x4524,Wendyville,2024-08-08,3623.75
be6b6384-0371-4e4d-9d96-f1bb70e235c7,Raymond,Berry,meyersryan@example.com,(365)242-6621x4611,Turnerborough,2022-12-13,4221.13
69f9351b-4231-4d45-9b47-fc7a6ca2bf3a,Donald,Munoz,zwilliams@example.org,994.495.1627x96198,Brittanyburgh,2024-11-30,649.78
dfd61cbf-9a18-452c-abbe-67d60aa6372e,Mark,Flores,wallelizabeth@example.net,001-775-390-5144x655,Christopherfort,2020-01-22,2687.3
9fef2f53-d9c9-422c-91c3-efe77e54fef6,Margaret,Murphy,brittanychavez@example.net,869-790-5336x050,Thomasmouth,2023-02-12,265.74
2ca0e938-74bf-481d-ad91-066b7cb1b3ae,Pamela,Davis,timothykelly@example.net,844-357-8722,Lake Cynthiastad,2022-12-11,2486.29
12aa2792-0037-45b7-97db-3a0037fe0421,Michael,Wright,lisajohnson@example.com,454.310.5981,Jasonview,2021-09-10,2817.14
c4308d68-67e4-4a60-b1e3-7ddd3bf6893c,Diana,Smith,amorgan@example.net,401.384.2854,Harriston,2020-07-09,3545.68
5ad24232-f0b1-43aa-889e-cfee5442a942,Victoria,Jones,whitneymayer@example.org,723-745-8449x207,Nicolemouth,2020-05-23,2346.28
a9de3462-8700-4d72-840e-9a536209c481,Michelle,Williams,smithkari@example.org,001-380-462-2508x8115,Brownshire,2024-12-04,223.85
74f6e82f-0a5e-4d3f-9f5d-6e3f57e63e5d,Jeffrey,Ward,johnsonemily@example.net,422-760-3720x7002,Brownbury,2023-12-03,1895.6
44935db6-9852-4d8a-9441-02a0303cc7d7,John,Mcgrath,hsmith@example.org,461-766-5039x9630,Craighaven,2022-07-10,4667.23
42cb460b-9f92-4e63-b269-a9ba56335234,Samantha,Owen,bbrown@example.com,001-341-944-3239x178,Lake Courtneychester,2022-09-19,2346.25
15675604-f049-41d3-896c-0e600f6a6404,Kellie,Parker,jessica16@example.com,+1-793-802-7476x665,Johnsontown,2021-10-23,1053.25
be7f7067-cdf0-4f9d-966e-5f80ff5281f9,Stacey,Higgins,iyates@example.com,614.992.5016,Jenniferfurt,2021-03-25,2116.07
3ea9edad-3af8-4eb2-8237-246566f3bfdd,Michele,Stone,danielleleonard@example.com,001-843-746-8120x194,Hallfort,2021-12-04,3698.07
bfeb58d3-7fdf-4784-8c30-e1294c818e71,David,Ingram,kelly60@example.net,+1-760-794-7403x366,North Ryanport,2020-11-07,4432.78
46f66c1c-dcc4-4cb6-8497-7b2e76795a1b,Robert,Craig,nbaldwin@example.net,361.665.7202x892,Gonzalezfurt,2023-01-01,3114.14
6cc479fd-f1ad-4872-ac64-74e8d2d7bd98,Michael,Stone,hardyamber@example.com,(239)517-5285x872,Smithview,2022-07-02,4766.88
e706a42c-9386-4794-85bb-e59991e0eae2,Dean,Richardson,whitematthew@example.com,573-920-9421,Michaelberg,2021-10-31,1109.32
c5e05f57-65eb-48d6-abd6-1223453d909f,Kimberly,Hayes,lindseyjennifer@example.net,642-855-8946x670,Lake Masonside,2020-03-08,2594.47
5d9902a5-9aea-4db0-8d37-8fb0fbd5825d,Jessica,Walters,haleysantos@example.net,(235)247-3328x6650,South Marissa,2023-03-19,4477.46
592b5452-7561-48e8-bbbe-56ecdd9a7431,Antonio,Harris,andre51@example.net,758-750-5348x21432,Jacquelinemouth,2020-11-21,2695.63
32fa5ef7-7f1a-4206-9af3-5d0c32028c63,Michael,Kent,katherine22@example.net,001-662-904-0794x208,Nicholasfurt,2023-08-06,2108.04
81d8a042-40b0-4b97-96f3-fc0b082f8071,Lisa,Stokes,sandra59@example.net,345.716.0572x8476,Richardland,2020-01-19,3820.18
1fd4e7d0-9814-4021-bb3b-1e218e674b83,Taylor,Alexander,hardingkimberly@example.net,001-818-388-6066x7378,Garyhaven,2020-09-07,758.06
52132cb0-6702-4699-a5f7-8f21ae694735,Bradley,Carter,gracereed@example.net,595.249.1167,West Jessicaport,2024-06-06,446.26
41fdd20a-d017-433d-933c-2a71af4a2166,Timothy,Mack,caleb31@example.org,+1-307-419-2362x9934,Peterhaven,2020-06-18,3256.83
9972477f-f93d-43cc-8135-456a79d7888d,Audrey,Hall,meltonsteven@example.com,777.383.2686x692,Chanshire,2023-11-07,4768.0
286d68af-c3a8-40c2-b9e7-baf3657412f6,Todd,Weber,kgomez@example.net,469-700-1418x83579,Lake Robertmouth,2021-05-19,2229.0
cf178ec3-519b-46d2-b9a4-721d95e3e215,Bonnie,Gibson,jessicadavis@example.net,221.683.5770,New David,2021-11-29,3062.81
554174f6-482d-487d-942b-ff5ac2755142,Olivia,Moran,samantharivera@example.org,9574255467,Jacobburgh,2021-02-24,1732.59
1f637111-fa10-41b8-b662-ec01ce936ae8,Kevin,Jackson,kevin42@example.org,001-854-226-9065x497,New Justin,2021-12-30,325.04
8654caaf-b184-4953-a60f-dc584f98098f,Charles,Young,elizabeth87@example.com,220.809.6876x502,Jessicamouth,2021-02-11,1185.75
30a3c857-45b7-4c65-89ee-7eb80dcf2046,Brandon,Wright,rachel62@example.com,(206)706-6753x60224,New Henry,2020-08-20,2034.83
4c173bd2-2b78-4731-9e05-b9229fb2479f,Jesus,Cortez,angela85@example.com,253-240-3515,New Hollytown,2024-05-31,3092.33
3ba9f2d5-c4a7-4b8a-9116-fe55112d35c7,Sandra,Arroyo,nicholasphillips@example.org,317-260-2863x371,Stanleyside,2020-07-27,503.45
d53ca23f-b90f-4487-8258-36013480c64c,Steven,Stephens,christian71@example.org,481-293-2359,Port Melissa,2022-05-11,1091.65
44f5237a-1ea3-4c54-9672-734d4f1d7bd1,Scott,Lewis,jenna84@example.net,+1-260-344-3534x6476,Daniellemouth,2021-12-01,3208.18
a1de2fb6-6fd9-4222-a836-d6c6620f4498,Troy,Roberts,ashley18@example.net,+1-714-693-3508x1477,North Brian,2023-07-19,627.23
3cfb2b04-1e73-470f-bf7d-9f8a63143959,Shawna,Miller,keith21@example.com,747.539.3112,New Karenmouth,2020-09-25,810.89
c1f40efa-8dbe-4c50-be5a-0553c7dff302,Erin,Benson,john11@example.org,(891)284-9696x2437,Deanmouth,2020-01-27,4415.26
ccc2570d-c7c0-42c7-bf91-b241f638a62f,Kathleen,Anderson,ilewis@example.net,627-733-2855x7884,Kevinhaven,2023-12-13,3362.18
68197fbd-19f6-4f1b-a3eb-a54ad8732110,Bradley,Randolph,opierce@example.com,979-500-1751,Martinborough,2024-09-23,3900.69
2169c1c5-6fe9-4098-8f1d-7870de302e33,Mitchell,Hall,qyork@example.net,+1-277-423-5027,East Raymondport,2023-12-26,3995.99
522b9a25-619d-4181-8fcf-c29abfc6e563,Jorge,Moore,lucerojohn@example.com,001-816-947-6407x293,East Georgeland,2022-12-07,2023.87
7bf23080-ef01-42c4-b35a-f41f3b20d795,Susan,Campbell,erin95@example.net,9745317231,Kelseytown,2022-03-08,2119.33
21eb35f6-efe6-4fa3-8b51-5f476b6ec32c,Maria,Poole,huntshannon@example.net,(361)309-9988x18492,Johnland,2024-03-31,204.04
eac9ec44-c8af-40b4-9cd7-6f0770c85985,Eric,Carr,castrotaylor@example.net,659-670-0753x11921,Zamorastad,2024-06-10,2244.35
7768643f-b97a-4e22-98ff-6569d7a1a2aa,Jennifer,Brown,droberts@example.net,001-313-759-9698x866,North Danielfurt,2020-09-18,2984.83
603da60e-124d-4636-ab2a-001494551f38,Albert,Moreno,jeffrey88@example.com,(807)587-9966,New Jaclynshire,2021-08-09,663.34
068cdeeb-b268-4d54-b90e-cc47f2c909af,Angela,Armstrong,ronaldadams@example.net,433-458-0535x4289,Salazarside,2020-11-18,4886.93
04ed6dcf-11a1-4302-8387-563e90095dd6,Felicia,Rodriguez,bpetersen@example.com,+1-803-389-4867x43356,Lake Andrew,2021-10-03,847.83
1282dced-97d8-492c-9282-2c1050fffc2e,Paula,Morales,alexandersmith@example.com,212.363.9962,Hallton,2021-12-28,1520.89
97676d4c-25c3-4075-98fc-3a0a1b993315,Jill,Donovan,jessicaobrien@example.org,001-393-914-8420x2125,North Michael,2020-12-31,3295.71
3cf38cab-dcca-4360-ab59-1fa3ecc947e0,Stephen,Porter,lisa82@example.org,001-707-204-9935,Davidport,2020-04-06,2435.95
abf2da79-6a9e-4bfd-9e2b-c8f81ae873ac,Kenneth,Hoffman,joseph17@example.org,736-881-3024x98653,Fischerburgh,2021-10-17,3783.13
71939205-f1ac-4e47-8e1a-2d7084683582,Michael,Davis,marquezmark@example.net,396.664.7287x41469,Brownton,2021-07-06,1476.54
1c7d451c-888f-4b34-9b76-34f75a3d4bab,Manuel,Dunlap,clineruth@example.org,533.703.1815x453,North Carolyn,2024-09-02,3904.26
21126b83-c23a-4b11-b70f-aa6e927744f9,Michael,Wilson,gregory12@example.com,200-548-4239,Lake Claytonport,2020-04-09,596.58
b612be94-1670-4ecc-82f8-e3bc2572d6a6,Sandra,Chavez,williamsnicole@example.net,+1-538-375-1673x81723,Timothyside,2024-01-06,542.16
7ffae3ae-c0e9-4aaf-9a6f-e1d1e21f3405,Elizabeth,Leach,alyssahayes@example.org,+1-726-660-4107x88100,Brownside,2024-09-25,1467.47
fe6fd7c2-8de7-4b0a-855c-132f91212976,Savannah,Smith,michael06@example.org,5793146090,Calderonfurt,2020-07-10,2834.41
4a50781a-5b0d-4b7f-aaaa-30ee47e45c38,Jennifer,Hill,huffjulia@example.com,4572679332,Jenniferfurt,2021-01-03,4370.13
0924cdc4-73a1-4337-8f8f-c566ac6a8a55,Charles,Cook,ufisher@example.com,001-995-569-8016,Fernandezchester,2020-06-02,2301.81
d341217e-3951-4950-8331-b8fb00d81a56,Jessica,Dudley,timothy61@example.net,+1-358-691-7852x071,South Christine,2020-08-06,2642.53
30c479d1-268e-48cb-9af9-2ebc6b830579,Richard,Douglas,nstevenson@example.com,4552288451,West Andrewview,2024-03-26,344.3
1d8ba937-7eb7-48d6-a47d-8dfc35c2672a,Brenda,Long,graycindy@example.net,+1-573-723-8602x282,North Daniel,2024-03-06,290.88
4aef1565-c636-40eb-9967-371b9b0cc107,Susan,Anderson,heather32@example.org,721-271-7299,Combsmouth,2023-08-24,2782.79
1c3687fd-4058-4645-a73e-a6abfadcbadc,Laura,David,ruthhampton@example.com,(389)422-6163,Lake Shirleychester,2021-02-16,1925.37
b1fa6113-b8bc-45ff-aaf5-0a58d61f7cd4,Angela,Horn,hstewart@example.net,001-775-748-9460x03572,East Glennville,2020-05-06,1965.12
7321bff5-70da-42a7-a290-57182546f7a8,James,Garcia,stephenhughes@example.com,+1-871-371-0732x86820,Ryanville,2021-02-26,1234.67
c789dd41-0fc9-4c98-ba33-68526646515a,Derek,Morris,gonzalezstephanie@example.com,517-748-3726,Lake Lauraborough,2024-09-16,4561.2
1fcf1799-d97b-4f3e-866c-a76fd520d05c,Tabitha,Olson,andrewsimpson@example.com,+1-862-899-5340x6783,Port Diane,2023-09-27,4103.33
01c0bb3e-ccc0-4df9-a90a-63b6559ebab4,Ashley,Henry,hodgestimothy@example.org,739-741-8376,North Danielside,2022-04-09,3638.99
6e55f9b0-922e-4c00-92d4-d828cb66a422,Jeremy,Snyder,jenniferjohnson@example.net,583-839-3353,East Laurenbury,2023-06-03,4977.33
b496cb17-e898-4e35-b3a6-b3d3192076e5,Kendra,Davis,imartinez@example.org,589.808.6432,West Jonathanmouth,2024-03-02,1066.54
b0655334-12ec-4d21-96cd-7bcd89da4bb1,Rebecca,Fields,samantha82@example.net,(527)575-9413x97143,Deanburgh,2024-03-26,4410.26
4d7b1feb-0d29-45e2-97ed-c359f7da74ee,Taylor,Hughes,gail79@example.com,969-913-5105x179,Lake Paula,2020-03-07,2783.48
6ac7c296-f643-4397-a64c-f6bae3551277,Andrew,Bailey,dbowers@example.com,+1-481-847-0252x1848,West Erinhaven,2022-04-16,3268.74
7047fe7a-0534-4228-b470-e3894dc6753e,Frank,Gray,daniel98@example.com,+1-520-603-9985x6240,South Christophermouth,2022-10-30,3297.37
87554df5-b938-4481-806e-5db615243aa4,Dawn,Pena,melanie41@example.com,5925913246,Lake Derekburgh,2021-10-24,1848.24
e06b519a-e838-45c3-b7b2-a096505f8612,Anna,Dixon,tuckerheather@example.net,418-766-3474,Oliviabury,2020-09-20,2813.69
ece3400b-b0df-4cbe-97d8-977e2af9b6a1,Jeffrey,Taylor,vjohnson@example.com,001-406-455-0580x749,Martinezbury,2022-03-06,780.22
a1b96908-c55f-48ec-aa21-51a6e5f8f4fa,Kelly,Daniels,roger29@example.org,746-886-9275,Justinburgh,2024-02-24,1242.16
7ab94fde-677e-4ac8-a57e-57f060cae5bc,Keith,White,lrogers@example.org,(407)541-1557,Townsendburgh,2024-07-24,302.65
7afb9ba6-a83c-41b6-8655-6f30c93673f9,Samantha,Peters,yhoover@example.com,995.587.5367,South Jorge,2020-04-28,2038.66
f56cac3a-70c2-4911-985c-8f1344b2ccac,Steven,Hensley,ramseyalexa@example.org,+1-899-320-4859x488,South Shelbychester,2023-11-25,2897.5
d7bf1c7c-b18a-44d6-9eef-d07121129c6c,Jill,Shepherd,scott98@example.org,317-278-9185,Adammouth,2020-08-14,3575.79
116ec6e5-6d0e-47a5-a401-2959aef3fdc4,Sandra,Taylor,rlopez@example.net,+1-720-241-9118x43675,North Justinmouth,2022-01-20,2520.3
4d2387f7-7642-4751-b5e8-3ed628391354,Jill,Montes,amycurtis@example.net,597.775.3777x98114,Lake Terrihaven,2020-07-01,1921.65
67660b1f-fda9-4b06-a33c-2e8a9d948a88,Ann,Barnes,bharvey@example.org,999-266-7014,Maldonadoside,2022-02-04,737.98
31dbff22-1dbe-4e57-a445-eaf85028b3c2,Charlene,Oliver,caitlinhall@example.com,001-814-480-7703,East Natasha,2020-06-27,4819.35
fe7b91fa-1c79-423d-baee-78d0373c61b7,Sean,Whitaker,kimberly09@example.com,330-236-7302x35729,Smithtown,2020-03-09,2334.38
3c6cf913-f2db-474b-8c17-2611639a3a34,Kendra,Allen,oanderson@example.net,717.396.1727,East Emily,2021-10-07,2920.52
2b276ee4-92b0-431b-9f66-86498eb47dad,Danny,Oconnor,roberto25@example.com,+1-984-503-9098x08471,East Vincent,2021-06-28,2326.88
a2cbd76e-ac7c-41b8-b496-97d2192624ff,Deborah,Weaver,david35@example.org,783-986-8387,Jeremychester,2022-04-04,4639.78
81ed506c-5749-47f7-a1f0-c569ba657ecb,Chad,Richardson,richardchristian@example.org,(414)756-4765x151,South Sandra,2023-03-06,4325.42
e82b7792-59e3-4b64-9469-4f9ab6d2e6c8,Jasmine,Webb,pamelasullivan@example.net,(685)335-0391x2982,New Bruceton,2022-07-12,3935.38
fcb8eb3b-434a-48e3-ace8-7ab089d9f6a1,Melissa,Acosta,jordandiane@example.com,5356142610,New Jasonchester,2020-02-16,4757.41
79dc09f0-8636-4a05-8ac6-7e8b708ef9ea,Kevin,Perez,laurie86@example.net,+1-576-841-7124x5354,Johnmouth,2021-01-20,3007.29
0f9e28fc-fd77-4656-9032-d9279e629832,David,Miller,martinezjason@example.net,577.714.2030x6807,Lake Crystal,2023-10-31,1402.36
70de4c92-fa8d-4af1-ada5-5ef2975fc45d,Jennifer,Schmidt,galvanphilip@example.org,525-207-3320x22665,Frankmouth,2022-11-30,3453.31
4420ea74-dd51-4a00-ac5a-8fed99187e12,Karen,Dickerson,ashley89@example.com,301.795.6016,South Matthew,2021-08-17,4526.45
9a0387fc-3f86-405c-b6e7-cf21685017af,Brandon,Fuller,sanchezkathryn@example.com,+1-220-975-4941,North Shelby,2022-05-14,4536.34
05305003-bad1-4698-8045-5ad7b8970cb4,Victoria,Sanchez,blake09@example.com,+1-617-717-5007,Nicholsfurt,2023-10-23,204.36
c48fa07c-1d64-40db-a9e4-74a0d7b4a4d1,Anthony,York,sandra41@example.org,(770)775-6296,Scottmouth,2024-03-17,1065.04
489e38da-a4f7-4f36-b86e-82efb487f384,Jose,Howard,jamesanderson@example.org,001-877-587-5391x88609,Jenniferport,2020-04-19,3757.29
fc2779e6-cc48-4e87-bce4-de623a973671,Steven,Chapman,christina42@example.com,718-645-8059x7202,West Robert,2021-04-20,4463.11
d15bc4e8-75ad-4b87-af1b-e982657d636e,Richard,Cobb,ryanmoore@example.com,001-765-713-9991x1592,Charlesburgh,2021-12-26,1882.46
034f2765-47bb-4a20-9c23-2559d81945ee,Andrea,Odonnell,lisabrown@example.org,916-485-7774x383,Jesseview,2022-03-27,1280.42
a3e41f0b-e06a-4cb3-b70d-947986ece631,Dustin,Anderson,rmarshall@example.com,628.723.9330x0934,North Russellborough,2020-07-15,1833.05
037666df-cfb0-47a6-8199-596cc8c0b561,Christine,Diaz,bruceashley@example.org,001-536-354-4966,Dianafurt,2020-11-26,4439.63
4cf42e07-8162-4250-b82b-56e03b17dd2d,Angela,Hayes,ablack@example.org,001-925-929-8035,Port Shirleyfort,2024-10-27,4789.48
082a0f95-8468-44ea-a341-d583aa486f46,Sylvia,Fox,deborahmccormick@example.net,(468)653-0374x21484,New Kevin,2020-11-24,692.98
03a248cc-6476-42df-99bb-3e56618fbeb8,Robert,Martinez,kathrynharrell@example.org,(995)204-8504,Kellytown,2021-10-18,3388.24
e0061c29-7233-4fc2-8a4f-ba15825f77a7,Tanya,Sutton,yatkins@example.net,339-218-4936x29020,Masonhaven,2022-11-16,216.89
56b0ee7f-93a0-412d-8e5d-6013b83eb79a,Nicole,Johnson,robert89@example.org,+1-982-331-5060,Michaelhaven,2024-03-28,2815.34
36de2e7a-f66e-4ede-a221-4dc89a0286cd,Brandon,Campbell,richard28@example.com,987.687.5223,West Justinside,2020-01-23,831.83
6f37bf5e-c4aa-4a63-821a-61d75f80bcff,Kristi,Cain,katherine80@example.org,2873546577,Webbchester,2023-03-17,1193.27
6fe0085f-5c68-4491-a51a-be8dd9a7b0ab,Jennifer,Berg,dennishill@example.com,696-976-6533,Nicolestad,2020-09-28,1825.74
672b3ab6-18d8-4076-a32b-ce3306345fb5,James,Orozco,bjones@example.net,766-303-9840x9446,South Christymouth,2024-10-20,1813.88
6eebeea4-d3a1-4cf9-a625-b25df02b348d,Martha,Brown,ngutierrez@example.com,3293118504,Thomasborough,2023-09-29,2647.12
6afaac2b-1278-4cbb-afc8-8a2454c35ec0,Sharon,Chavez,arthurschwartz@example.net,(227)975-0064,West Jaredborough,2024-03-12,4418.69
7b2a2bfb-f514-4a8a-b612-c53bb70a220a,Steven,Beltran,ramospenny@example.net,654-840-5984x42669,Thomasbury,2023-12-08,3885.8
8f6a3743-3792-4961-89c8-4363e9ca84b9,Felicia,Nelson,ycole@example.net,840.367.7147,Richmouth,2021-07-25,4045.89
36dbc39b-c996-47ee-917d-61532faa6a38,Margaret,Swanson,davismichael@example.net,468-291-1406,Odomborough,2023-05-11,3674.84
7c7c2335-135f-44d9-97a7-add70bba44cb,Courtney,King,richard15@example.com,+1-825-600-6834x4016,North Jay,2020-01-14,1265.71
4959513d-1530-4a3b-8971-18160344ea05,Jonathan,Garcia,martinamber@example.net,641.260.9451,East Theodorestad,2024-10-29,4106.75
976647af-9603-4051-bd3f-dd160f55efff,John,Smith,brianwilson@example.org,5506284307,Huntershire,2021-09-20,4485.46
844ad6cb-d78f-4471-b23a-806f64b3da63,Brandi,Porter,gbarker@example.com,(841)236-5439x44950,South Ashley,2020-06-12,2233.27
7d8f4ace-f4a7-4578-a545-fc4207c5450a,Jonathan,Mclean,istrickland@example.com,(422)212-5024x58060,Port Shellymouth,2023-09-04,124.98
ea10cc3b-8e5b-46e1-9540-580ee8a9bb5c,Linda,Alexander,gary99@example.com,+1-957-634-7239x49312,Jonesview,2022-07-21,2580.51
711acc9d-dc9e-4b2d-a17a-26f025607e17,Nicholas,Garcia,gregory48@example.com,980.908.3120,Watkinsland,2021-02-11,2962.38
a8bc0858-f608-41e5-b3c7-a0bf751230fd,Sharon,Lynch,cbarton@example.org,871.202.7647,Lake Michaelmouth,2021-07-03,4305.99
ff9c74de-d7fd-4895-8074-45bf58a10315,Rebecca,Perez,larry91@example.net,+1-670-464-3303x5188,New Kimberlyshire,2020-04-01,424.87
c79deb3a-7966-461c-bce8-f1b71e56a719,Jessica,Chen,hartmanlindsay@example.net,+1-961-512-6324x201,Tinaberg,2020-02-13,2699.03
a2a3259f-1d09-4ceb-815c-c5d134e0e06d,Eduardo,Ross,guymanning@example.net,885.837.9952x30085,Jessicaborough,2022-02-23,1281.61
cec8ebfc-258d-47c8-973d-c8a3b9c41074,Carlos,Torres,wangjonathan@example.com,(722)911-8524,Carpenterborough,2023-04-30,1759.24
89b7040e-a8f0-4e3f-bbeb-4e8ca473c5f3,Cindy,Davis,archerdaniel@example.net,(557)375-8211,Catherineside,2023-01-17,2282.75
a3684f36-36ac-4b86-a017-9fea86a0067c,Angela,Hanna,ggriffin@example.net,001-340-842-0998,Lake Patricia,2023-02-21,4437.36
9e4c00e8-8b11-4479-bc35-9ecb121b6c68,Chelsea,Lopez,kmartinez@example.com,714-308-0587,Port Kayla,2022-11-24,3824.66
8e17df5f-01fd-4604-bbe4-d83849e1431f,Alejandra,Acevedo,wendyellison@example.org,+1-319-589-2202x50087,East Devin,2022-11-06,4555.93
730f3611-8b51-43bf-a01c-2665cd185deb,Elizabeth,Montgomery,shaun94@example.net,+1-907-348-8177,Tinaland,2024-04-09,4782.58
08368342-cbcd-4039-9c25-e1234c38c3bc,Jonathan,Schmidt,josephkennedy@example.org,(985)960-0023x0760,South Nancy,2024-06-03,190.95
8da5eaba-8305-4ad1-81de-60a6f590a9f2,Brian,Peterson,tara47@example.com,+1-798-230-4967x16021,East Brianview,2020-02-07,908.2
392e59ab-eb06-4ebd-be4f-2b03a3dd39f2,Jacob,Huff,lfloyd@example.org,967-954-8875,Brianmouth,2022-11-08,816.31
25c469a9-1173-42e4-aa17-e0de5002a48b,Adriana,Simon,mooreelizabeth@example.com,+1-698-705-2196x73773,Troyborough,2021-08-08,1314.37
f61dbb81-2c6e-4815-ada3-37980ade49de,Timothy,Brewer,calexander@example.com,001-388-429-7908x789,West Brianland,2023-10-01,2471.82
afd01ffc-b30c-4a62-a413-895a558510c0,Lauren,Ray,tracy04@example.com,(793)352-6478x4541,Ryanmouth,2024-04-01,3097.36
fe17ad98-21a1-45ac-868c-a6ea886958d8,Emma,Murphy,washingtonyvonne@example.org,926.481.0189x980,Lopezburgh,2022-01-24,4474.09
5ddb5414-cf98-42a4-bf6d-a85834a00d16,William,Fernandez,stephensparks@example.net,001-914-356-7753x19967,South Tracy,2024-05-26,2731.08
9f5fa3d7-cfb7-4ce7-8b2b-bd3f2e325619,Richard,Greene,jacksonchelsea@example.net,381.367.9486,Brianfurt,2022-11-14,417.56
167f8de5-b2cb-46ca-8dee-9287589da3f4,Kayla,Flowers,amber33@example.org,+1-474-712-6877x193,Lake Chadberg,2020-10-14,1512.89
6df88969-3ab6-4f49-a427-b48243f763dd,Amanda,Johnson,colemanmatthew@example.com,(382)492-4798x03678,Loganchester,2022-07-04,1646.03
b2fa8f13-7b59-46f6-9329-0b009d9fda44,Joseph,Lynch,bryan44@example.org,+1-657-794-4321x71690,Sanfordview,2023-01-21,982.14
aafbace0-4dbe-4aa3-abd1-e38defe0dbfa,Carrie,Frazier,dfrench@example.org,+1-245-860-8287,Port Rachel,2021-04-10,122.75
3ffa5253-d5a8-4bd6-947c-4dcee1047874,Maria,Newman,alowe@example.com,001-914-690-5607x2577,Lake Amy,2024-11-01,1510.57
7d16bea0-ab18-40e9-85ba-5e7e57a900ba,Brian,Hutchinson,zwheeler@example.com,001-969-394-0901x3141,Warrenmouth,2022-05-02,966.87
8d3f4a0c-61a5-4fc2-b4ff-ea67b50f4765,Jessica,Decker,npena@example.net,+1-922-758-2514x87455,Lake Diana,2024-02-05,2769.24
8fb5d031-2bc4-4409-a7f3-830181cf29ef,Jason,Mitchell,lwright@example.net,678.749.7328x604,Brandiville,2023-11-26,1732.83
4c6ae1b8-83f2-49d7-b89f-f2a0a8dd872c,Leslie,Martinez,portega@example.org,601.917.7657,North Alexisview,2022-12-23,2131.07
d11bfeef-7376-4455-a676-ca546e62d4c6,Matthew,Martinez,zachary25@example.net,001-873-874-4054,Jacobburgh,2021-05-12,1832.72
0786e238-eb8f-4f73-aafc-69757e8f2eab,Kenneth,Sanders,laurenzamora@example.org,312.469.7228,Justinborough,2021-09-12,4939.59
73f4a15e-dd2d-4ea8-8793-d6664f6a9f90,Sandy,Farmer,qjohnson@example.net,001-849-314-9692x2238,Justinview,2024-04-22,636.87
7b538e30-49ce-414e-b11a-fa570c04e8cc,Jeffery,Aguilar,zbrown@example.net,538.227.4678x538,Bakerport,2020-03-18,350.74
a608a37c-274a-46be-8fcd-8cc27a665aad,Judith,Ewing,annettemiranda@example.com,331.782.0866,Robertview,2024-06-23,4906.63
16eda9e1-b419-4540-9db2-c7eacbc6a5a3,Karen,Morris,rossmarcus@example.net,+1-645-227-8335x6362,Tiffanytown,2021-03-12,2713.66
4146b90c-7aac-4576-a18c-dd5c31ed9265,Rebecca,Valdez,brandonfields@example.com,(909)260-4642x91457,North Dawn,2023-05-11,1547.26
683bb2c3-c4a5-4cc1-934e-9d3ca446480f,Melissa,Mccall,justin20@example.net,2832908802,Port Nicolemouth,2022-05-08,307.18
d862802c-73a1-40f7-bd97-0b15a697a246,Tristan,Glover,riverashaun@example.com,(862)809-4604x968,Christopherton,2021-08-23,1441.44
8376bb63-a8e3-4a8b-aafd-8dd7e2c3198a,Natasha,Summers,shellychavez@example.net,+1-321-372-1222x7334,Danahaven,2023-07-05,1395.15
69e57335-1ab1-4d07-97a8-b13e89fc9066,Brianna,Crawford,victoriaschmidt@example.com,001-587-913-0013,Markshire,2023-01-20,4983.17
323d6bb1-a2e3-46be-84f8-49dc24895767,Brenda,Williams,davisgabriel@example.org,+1-963-580-4429x630,East Jasonhaven,2020-05-24,4426.27
55efcab9-eb55-41dc-a0bc-c1063215ed3c,Theresa,Salazar,raymond39@example.org,+1-279-822-0706x2534,Arroyostad,2021-12-09,1351.4
617d70a9-df7d-4932-add2-df11e356ddd6,Caitlin,Marquez,mitchellwanda@example.com,001-338-544-1783x334,North Emilymouth,2023-09-27,1321.58
3ce4dc71-e35b-43bc-ba69-3486722fce1d,Erika,Gross,zkaufman@example.com,+1-318-917-0440x33814,South Robert,2022-11-01,3801.55
d71079e1-abfe-4cc5-84b5-02ca6e636791,Sheena,Dickerson,adam57@example.net,969.269.8325,East Elizabethhaven,2022-01-23,2723.85
f59c8b4f-6ed8-4ab9-85e5-e0d8839af24f,Meghan,Howard,fdaugherty@example.org,(867)606-1042x044,South Alanborough,2020-12-11,3799.6
2c7ef04d-5ff8-4831-a047-856a3f4ae365,Jessica,Nelson,christopherfernandez@example.com,5829155790,Lucasside,2022-12-03,2522.36
0b30d611-cbb2-40c2-a2ae-b8f03e959428,Omar,Cox,chaneydavid@example.net,(963)570-0687,Shaneville,2020-06-25,2743.21
105c6246-2875-4605-b993-d46310f75956,Janet,Smith,agillespie@example.org,293.517.5393x686,South Brenda,2021-12-12,1581.02
945a7921-a349-430c-93a1-dd41a60f1957,Paul,Preston,milleranna@example.org,+1-664-203-7088x451,South Robinfurt,2021-03-01,4932.16
2fa94a0b-c5d9-4ec7-b82b-81a3e68893b5,Gloria,Park,crawfordbonnie@example.org,+1-334-212-4196x8902,Amandafort,2022-08-07,1297.18
ef5a40fc-a61a-4d04-bca3-7ae636e6c98d,Andrea,Hunter,loriwest@example.net,001-815-563-0548x0215,Robinport,2024-01-21,735.69
f4417e3e-0ca8-41d9-87b6-c4dd455f0c8c,Robert,Turner,rushgerald@example.org,(300)666-0991x2255,Margaretfurt,2020-09-18,1078.07
bf8294f2-3f48-4560-96bb-769d78b84b1e,Jaime,Green,lblevins@example.net,+1-548-225-0522,New Robert,2022-07-07,1710.76
e1c912d5-25a4-471d-bebb-e96052c9e69e,John,Cobb,henryerika@example.com,300-399-1050x5721,New Dylanberg,2023-05-29,3156.49
444c6ed9-946e-4cec-85a2-fbe8a9604fa9,Fred,Allen,williamarnold@example.org,(461)889-8329x4255,Lake Manuel,2022-04-06,1931.67
b7614337-f419-4311-a4a3-633ef200a2c6,Edwin,Hill,dianemichael@example.net,001-287-372-4107x2698,West Shannonshire,2023-01-13,1614.24
8fec74fa-a2f8-4a1f-9c65-014660d6e8b6,Adam,Dickerson,dhodge@example.com,(627)978-3632,South David,2022-03-27,3791.5
003dbb64-0cb8-427d-85a5-7d87ee3857ef,Rebecca,Edwards,ftran@example.org,390-870-1241x27842,West Brian,2024-10-26,1480.11
affc781f-aad9-491b-b8e6-89e3ba7857fb,Kristina,Ramsey,joan05@example.com,437-895-9746x94377,Solisshire,2021-07-24,2714.73
01f501c2-61a5-4dbf-9701-b23edd8cf772,Renee,Rosario,jeffreybarnes@example.com,+1-846-367-0107x74912,West Patrick,2023-09-15,1640.89
bef3cb94-1e18-4686-8f58-c6a1dd7a558e,Matthew,Harmon,nicholsbenjamin@example.net,(450)464-9878,West Stephen,2022-06-27,3723.65
ca95ec64-3853-4ba7-84bf-69240e397a8e,Renee,Thompson,vmartinez@example.com,969.530.7180,Aprilport,2020-12-30,4951.96
03d4f0ed-5369-4210-b279-b99d5e4db5a2,Patrick,Vasquez,david49@example.org,001-328-513-9145x963,North Dawnchester,2021-01-03,4436.99
2fd97a6a-6768-4897-aa03-fb090f9c5cca,Jennifer,Dunlap,wcoleman@example.net,+1-343-953-6881x79833,South April,2022-12-20,3275.15
0917e4db-5890-49aa-9d34-e3820e931ca8,Michael,Powell,seanandrews@example.org,+1-845-314-6864x2434,West James,2023-05-21,2727.1
0a068f67-7f4a-41ca-a87f-57550d458aa5,Connor,Wells,john39@example.org,(286)468-0490,South Steven,2024-11-05,2569.57
3988b623-4377-4d72-bf02-1308432bd534,Sophia,Smith,graymegan@example.org,+1-662-984-5306x2924,West Crystal,2023-10-20,1099.6
a74e99ce-56c4-4c35-8e02-6f30fd62ca42,Darlene,Pena,ambergilbert@example.com,519.706.4297x66562,Courtneyport,2024-04-02,1331.38
23815ac8-1cd4-4193-a01d-bbc619b1e901,Gerald,Williams,dawn88@example.com,001-951-456-3054,South Paulview,2024-03-11,2814.96
d92a1d85-b57a-4bfd-bd3e-df7cf2e9a7e0,Thomas,Davila,bflores@example.com,397-805-2414x7224,Lake Jill,2022-04-04,2891.56
afdd3986-1263-43a2-ba83-56c716b27d4d,Jenna,West,reynoldsmatthew@example.com,477.576.1256x590,Goodmanland,2024-04-21,3846.98
f6505a52-ffd5-4717-a4b9-5e34a9266b74,Katelyn,Hughes,caseyhoward@example.net,(816)858-6257x9657,Port Emilyville,2022-12-18,3831.66
926ecee2-749f-4af8-8388-67dd330fd503,George,Monroe,yparker@example.org,001-983-534-0787,East Austin,2020-06-15,4721.78
8e7146ee-a7d4-4d56-b558-66df18f0637a,Lisa,Kelly,joseph39@example.org,+1-506-479-4329x3616,New Joshua,2023-11-19,2507.25
2cecf3f8-3814-430c-8e99-7a47088115d8,Abigail,Taylor,farmerdeborah@example.com,+1-785-655-1006,West Dominiqueview,2020-12-06,2387.66
9d18d596-0b60-4981-a09b-57cc12109e6a,Hector,Perry,brettjefferson@example.com,(682)331-0903,North Brianview,2022-11-03,1182.74
8cd9d513-ded4-4a99-98ec-0153beaeb0fa,Dominic,Sparks,ohaney@example.com,001-960-972-2737x17330,Alexandrialand,2024-11-09,1831.83
95dd2cca-9cab-4db2-aa48-1550fd432a69,Austin,Romero,andradeteresa@example.org,(953)825-1914x776,Joshuachester,2020-05-02,2429.96
1f7a30be-fbec-4f5a-85c6-4d12f928c669,Stephanie,Williams,kimtodd@example.net,915.740.5034x0099,Payneburgh,2024-06-30,4379.03
81db54f6-1088-4c89-974a-ea1a81f9d375,Shannon,Douglas,michael91@example.com,001-272-407-1779x233,Henrychester,2021-11-10,922.84
3b7af5d0-e30d-4f23-ae69-7dd968607cea,Rachel,Sanchez,williamsdavid@example.com,(774)359-7123,North John,2022-10-10,601.92
eac25c0e-41cb-4b19-b922-dbefd24329a0,Mark,Harris,vincent15@example.net,7605757166,South Laurenchester,2022-08-04,4421.04
c724fb49-8517-4204-bd93-de4028d4d076,Daniel,Henry,hector00@example.com,686-570-5616x348,New Brianaborough,2021-07-30,2447.28
42dce5f9-48fc-4e7a-a1a1-6737803785d8,Patricia,Brown,amurphy@example.org,+1-477-428-8339,Gabrieltown,2023-08-18,2419.34
07d8fa6e-dc9f-45a0-b44e-b34d5d36b69b,Melissa,Conley,rhinton@example.com,(610)611-0781,Port Markmouth,2022-02-13,4943.29
60aee042-aff2-44e1-9199-d9bc4c985f7a,Douglas,Brown,brittanysmith@example.net,238.532.2481x20527,Kimberlychester,2024-04-09,1586.55
3be8d813-6902-4a79-a2ed-3c46b686a89d,Erin,Burch,william34@example.org,742-583-8082,Samanthaborough,2024-10-01,4006.41
35561cd5-7bc9-4187-aa81-1bf9b6d7481c,Joshua,Carr,leegriffin@example.org,295-721-6300x9352,South Johntown,2023-01-16,3021.25
8b5122c8-2419-4a5a-a1f2-04a8fb12a8d8,Joshua,Jimenez,mackenzie17@example.net,+1-244-683-7447x85998,South Gloriamouth,2020-03-02,3080.27
a5ba5043-516d-4bb3-8bf6-a5d6f2cab1ef,Omar,West,wrightallen@example.org,7442032849,Paulville,2020-05-14,2592.24
becf904c-a113-49a4-a070-ce2ec51c9ed3,Robert,Edwards,ylogan@example.com,901-663-6336x429,Kennedyland,2023-06-10,4658.07
bf167fa9-436f-421c-b243-069c4d474c01,Edward,Graham,amymiller@example.com,001-504-340-9179,Hubbardborough,2021-11-02,1482.11
5a786b46-78ef-4274-9fe4-67318cf8edc3,Alexandra,Garcia,adkinsdavid@example.com,001-534-657-8121x78552,North Jacob,2024-09-18,396.47
78c57723-3215-46ab-92d7-bfa56ea27b60,Sheryl,Nelson,michellelucas@example.net,+1-750-353-1861x55377,Robertville,2023-09-17,2666.43
ef40afb8-f172-4404-a6b6-f93b10bc735e,Sheila,Smith,kimberly21@example.net,900-310-9269x92813,West John,2023-07-28,4162.72
2617c006-cf1d-46ba-a4be-9e4ae18f6617,Danielle,Webb,harrisonwilliam@example.net,999-489-8777x5394,East Kimville,2022-04-29,3804.66
28b708ca-d809-4fad-91d3-7b3812c36749,Larry,Lane,mark02@example.com,001-215-703-2010,Sandovalmouth,2021-11-20,4068.65
8db1b617-b4c6-4d77-b8a3-8ba817c6dcd1,Amber,Harris,iday@example.net,001-546-909-8730,Cherylmouth,2020-09-10,737.53
aa6684ba-6a14-4913-9eda-a0f6fa25fb13,Jeremy,White,danielsmaria@example.org,001-265-227-6117x1634,New Jasmine,2021-11-10,1447.84
aed23a02-ac08-4d3e-923a-8908b2b5a4fb,Aaron,Bartlett,hcrosby@example.com,001-583-892-7278,Connerport,2024-03-04,362.06
09193595-b357-48a1-84d2-5b6385e56307,Michael,Sims,brandonsanchez@example.org,001-813-613-2610x199,East Anthonybury,2023-12-07,2626.38
16fad263-600d-4b6c-a13e-ca9f1a24b185,Anthony,Yates,andrew66@example.com,(645)571-3535,New Reginaville,2021-05-27,635.82
27aa3ea5-3931-42c3-bc1e-1f0802a296fb,Elizabeth,Parsons,xhopkins@example.net,733.329.6561x26968,Port Nicolasside,2023-01-09,2788.57
b58a576c-4a37-47e5-9003-d142cc50b9e2,Edward,Moore,ghudson@example.com,+1-761-564-1418x3642,Lindatown,2020-06-29,3979.14
3954d95d-7a75-4504-84e7-a1a4b9923518,Jason,Nichols,robin25@example.org,+1-628-557-8952x27027,Brownview,2022-02-07,1575.06
32e52d7e-f3e3-420a-a43f-8086e41c688d,Ryan,Allen,franklinthomas@example.org,513-554-3858,Lindseytown,2021-10-22,818.86
ead4c64b-13f8-4f7b-9fbe-e3d7bc7a3a86,Debbie,Malone,yhines@example.org,516.928.6072,New Keithhaven,2023-02-11,3884.93
235d1833-76fa-49d0-85cd-b6c14c1e5427,Sherry,Page,moorechristie@example.net,001-343-325-3304x05351,North Justin,2020-01-10,4605.77
9aef28d1-e248-4ff7-9eb3-134549c83780,Paul,Greene,kimberlynovak@example.net,734-332-1547x282,Joshualand,2021-02-20,457.57
a287f752-db47-4255-8a34-c0fb3195bd73,Scott,Williams,sanchezjonathan@example.com,+1-403-689-5890x287,Garciaville,2020-09-11,4394.31
49e25d2c-e28b-4b64-9e0f-ae5e9b5e580d,Jeffrey,Webb,nathan72@example.net,001-472-795-4981x302,Port Matthewfort,2023-05-04,4541.8
f6480ae9-ae1c-4e9c-b478-0a8236b3accf,Joann,Kim,kristenmoore@example.com,622-234-1363x7281,East Kevin,2022-03-30,1063.68
84459ca2-4170-46bd-9da8-9a6a7178a2e1,David,Smith,zharrell@example.org,444.743.8879x7228,Lake Johnchester,2024-06-29,653.67
388d5099-35dd-4f89-aeee-151411527949,Steven,Nelson,sbarr@example.com,889.613.4966,South Michael,2022-08-19,4127.01
14ed91fd-f985-457f-a5cd-41915c07199c,James,Smith,kevinhuff@example.net,207-614-8040x28157,North Jennifermouth,2023-06-06,4888.25
36b47cea-35a9-44bc-90a1-ab2c97ca64f8,Margaret,Hartman,katherine88@example.com,001-809-981-7857,Villegasfurt,2021-09-02,1577.4
7f0bb2a3-0fec-4b75-825a-8c7c31ed7b2a,Sharon,Francis,johnsondaniel@example.org,809.490.3292,Tiffanystad,2021-02-14,4881.75
bad831b7-bb07-4192-9d01-bc74ccddc7e0,Wendy,Bryant,hscott@example.com,268.319.9763,Thomaschester,2023-08-01,3849.98
67717ec9-0669-417f-b119-f1d720b44743,David,Osborn,pmontes@example.org,258-524-9121x55863,North Sharon,2021-09-15,3628.85
1922690b-26a3-4b6f-887c-572976b32d0a,Barbara,Johnson,davisbryan@example.org,001-549-890-8436x46467,New Danielstad,2021-12-05,2716.03
f1f79645-81bb-481f-84b1-041acb99cd2a,Justin,Campbell,cscott@example.org,(806)821-9904,West Amyton,2024-10-13,4331.12
eb8aadc9-9d5a-4f97-8677-78c65ebdc0cf,Joseph,Harris,peter44@example.net,556.727.6399,Wallacehaven,2024-09-11,2111.95
dcaa8750-c124-4ab2-a6e1-38a90a42577c,Jean,Brown,colekristin@example.net,001-879-733-9757,Brownmouth,2023-05-14,2976.87
905d537e-6549-448c-931a-cc795611381b,Jennifer,Brown,camposmichelle@example.net,+1-244-273-1366,East Josestad,2023-09-20,4263.96
e188e4f4-bd2d-4ce9-b26d-300b41b0a4e9,Kathy,Lee,melissa02@example.org,(838)929-9777x137,Carrollport,2020-06-30,2121.55
1e42ff1e-2124-4cb7-ab33-842945ebb4fe,Anthony,Smith,solson@example.org,5097385100,Port Natalie,2021-08-03,1685.48
6eb4d91f-8f88-4a55-826a-ec85753cedde,Kevin,Wright,tcox@example.net,+1-706-996-4492x08124,West Derek,2023-11-08,653.66
080bab14-1a1d-44a4-91c6-3a990fda2625,Samantha,George,olsonsylvia@example.com,(979)349-4520x9599,Matthewfurt,2024-04-02,3201.48
40eda06a-03a3-4692-88b7-ef4dd65cbb14,Rachel,Martinez,lsmith@example.org,(856)473-5646x809,Gardnerville,2024-09-23,815.31
536d21ec-e14e-4c72-bea8-588e00190827,Melissa,Reed,dwise@example.net,001-923-779-5872x35606,Nicholsbury,2024-03-05,2167.08
ed07e9a7-05ab-4208-8a04-9381ee5227de,Kimberly,Mccall,griffinbrittany@example.com,443-869-8685,East Mia,2020-05-24,2310.32
ec16fc87-536e-426f-998d-7d89e94d2134,Alyssa,Jones,alanmendez@example.org,937-452-0425x4442,East Stephanie,2022-03-15,2480.61
c1055382-4d24-49a5-b900-8ab6061e09bc,Martin,Monroe,ryan28@example.net,476-200-4660,Carterton,2020-04-27,4024.55
156bed1c-637e-4cc3-9ba6-2b49147dcc3d,Philip,Harrison,obrown@example.org,(733)338-7148,Pamelastad,2024-07-31,2041.74
eafbc958-cd52-4cc2-85a9-e7a6b6be39d3,Derek,Wright,anthony58@example.com,001-366-965-7203x44861,Lake Tyronemouth,2022-11-03,1861.5
bc22f84a-1f7c-43c2-8112-8b51056beec8,Randy,Ibarra,qhall@example.net,256-551-9772,West Nicoleton,2022-08-21,3234.89
d48f2eab-270c-4cc5-98a0-af6cef812818,Michael,Page,caitlin75@example.com,540.671.8297x90223,Karenbury,2023-02-17,2771.81
6c1720a3-d9b2-4659-87fb-16e75649ffc0,Amber,Hull,frankgonzalez@example.com,6647017088,South Mariafort,2021-06-08,3606.14
6c4684b9-2e43-48da-aa02-59e56150d0ad,Christopher,Reid,brett95@example.net,001-671-991-9634,Lake Hannah,2023-01-08,4884.67
aef1b35c-203f-4165-ad49-b85b9fb99639,Amber,Taylor,eric41@example.com,+1-784-331-0425,Gonzalesshire,2024-06-01,113.33
6879b4d4-d7e0-438b-9ac1-a50d820dbe4c,Jasmine,Barton,gsims@example.com,001-399-913-5858x2505,North Drewtown,2020-03-24,3493.42
62a4a0ad-ea6e-4464-8ac9-688fac1a3b89,Michelle,Robinson,fdavidson@example.net,(317)796-4297x58451,Thomasbury,2022-07-05,4903.19
a8c562a3-1135-49fe-adca-7dffeaab0ba5,Latasha,Morrison,henry00@example.net,+1-529-392-3148x39318,Tonyaview,2024-04-26,1750.56
5069da43-d7cf-4120-8baa-0388037b0cd4,William,White,vjohnson@example.org,2808623217,South Samantha,2023-02-04,2011.82
2a2a0d17-e2c5-48a8-babc-bbd73e40358f,Nicole,Wilkinson,hrobinson@example.com,681-524-8555,Walkerbury,2024-02-12,1357.36
ed265e30-f2cb-44f0-9725-1b67a580f6c1,Jimmy,Cooper,vincent28@example.net,001-287-503-1912x7255,Hernandezbury,2020-08-06,974.18
932df0b9-5c24-4344-8e10-5164841266f7,Melanie,Barr,boltonandrea@example.net,001-520-598-3420x3713,Port Michael,2021-05-22,1111.11
02c3cc47-bbb2-44bf-a734-c22555b148c5,Michael,Ortiz,watsonjohn@example.net,662-603-8416,Contreraschester,2022-08-08,1844.46
4a1d70a1-d419-4567-b19e-14f5ad843dd5,Brett,Morris,elliottchelsea@example.org,+1-567-808-3680x4353,East Sandra,2024-03-11,3178.8
9d28859e-21c6-4674-8f2f-564724cb50b0,Dana,Wilson,mooreamber@example.org,732.948.8071x32143,New Alicia,2020-07-27,630.49
e867a985-fec2-45be-a0c3-93a23a4aead8,Thomas,Gomez,sandra27@example.com,877-708-4714,Alvarezbury,2023-03-06,2971.84
79b83f74-2957-45c3-b616-928271ce999f,James,Hart,vhood@example.net,001-382-596-5011x7102,Eugenefurt,2022-09-23,3876.4
b00c8eae-4572-4fab-a157-052353cbb13f,Shaun,Ramos,annapeters@example.com,001-974-992-7986x8879,Matthewburgh,2021-11-23,4845.83
06d859fd-c79c-4dd6-8b1c-1d7e3fa73649,Janice,Mccall,chenamanda@example.com,(926)300-9533x55002,Abigailmouth,2022-01-11,4843.26
cd75da52-325a-4762-938f-e661e9965957,Brandon,Phillips,denise14@example.com,(425)643-5366,West Matthewside,2021-12-02,2485.53
d7901349-3fe9-47c5-b5e0-0d15c1ff314d,Matthew,Lopez,ronald73@example.org,001-729-235-3731x0243,Fishershire,2023-10-01,3805.44
5f1a7bc5-ad72-4157-80e4-ce591d56b784,Laura,Holland,zbernard@example.org,(809)513-5399,East Donna,2022-01-16,662.01
0a5f3224-c66f-40fe-91c3-46b2aeea0278,Antonio,Bauer,jamescarter@example.org,975.662.1674x305,Lake Bethanyhaven,2020-05-25,2137.95
35c9a435-6ebf-47c6-b7f3-28b3d77c1b9b,Kyle,Farmer,tiffany56@example.net,001-422-336-7860,Lake Annaton,2021-07-08,1231.25
3f5bd039-00dd-4de6-a4b9-20f4d0fec147,John,Anderson,jessicawallace@example.org,824-946-2998x2122,New Jasmine,2024-10-29,2833.18
61263ffb-cd90-44f1-9ae8-b2130f5e7abf,Lawrence,James,cindynorton@example.org,001-712-479-8996x2765,North Sarahchester,2024-02-16,1367.31
66250382-7887-4d61-8851-28682b937907,Shaun,Benson,jefferyoconnor@example.org,(613)740-6601x54323,East Christina,2024-11-17,3314.95
a484ab57-2dd5-4295-9140-d2f658e9978a,Evan,Johnson,fwebb@example.org,807-456-7720x809,Caseyshire,2020-11-20,4241.88
e5035fca-3a87-4b50-b452-a04cebb17bdb,Robin,Knight,charlessmith@example.net,(576)849-2304x24560,Andreashire,2022-06-12,333.67
0900dce4-44e4-4637-89d9-ee6c34d49209,Bryce,Lopez,vsimmons@example.org,4702605864,East Deborahville,2024-07-24,3171.89
81a8b7fe-855c-4e4c-8b6c-863e67dcb287,Jennifer,Brown,imorton@example.org,384-703-4060,Makaylaton,2023-07-07,4849.48
46eab188-115e-473f-99d3-247d6ed33b0d,Lindsay,Grant,englishdebra@example.net,001-443-667-0787x86355,Juliehaven,2021-01-05,700.54
e9c55353-2b22-4bfb-97a4-d1de5c6447f0,Jesse,Cohen,nicholas04@example.org,(277)724-2894x28999,Collinston,2024-08-07,1578.23
b4d327ca-89c8-45a8-9e46-4268ee2a9dcd,Kara,Brooks,patriciajordan@example.org,(522)936-4460,Jameshaven,2022-02-06,3328.52
143cc347-e572-4ef4-a551-ceff7b27aca5,William,Hamilton,nicholscheryl@example.org,358.604.1009x55163,Heathertown,2023-09-07,1108.49
